facility_name,correction_type,manual_lat,manual_lng,manual_address
032616 DESERT DIALYSIS SAHUARITA (DCI),ALL_GOOD,,,,
062556 KIDNEY CENTER OF LAKEWOOD (ARA),ALL_GOOD,,,,
062587 KIDNEY CENTER OF WHEAT RIDGE (,ALL_GOOD,,,,
DaVita Dixie Dialysis Center,ALL_GOOD,,,,
SRS- Weber Valley LLC,ALL_GOOD,,,,
DaVita Pleasant View Dialysis,ALL_GOOD,,,,
462542 LIBERTY DIALYSIS - ST GEORGE (,ALL_GOOD,,,,
462550-Fresenius Kidney Care-Pleasant,ALL_GOOD,,,,
462504 SRS-Provo LLC,MANUAL_COORDS,40.25753458576979,-111.66220919256065,1675 Freedom Blvd 200 W Ste 15 Provo UT 84604
463502 UTAH DIALYSIS LAB,MANUAL_COORDS,40.7474765224441,-111.89229025040555,1000 S Main St #105 Salt Lake City UT 84101
322524 ACL DIALYSIS (DCI),MANUAL_COORDS,35.069195491137265,-107.57010943548619,80A Veterans Blvd Acoma New Mexico 87049
322545 JICARILLA APACHE NATION DIALYS,MANUAL_COORDS,36.914633409026194,-106.96740474016809,450 N Mundo Dr Dulce NM 87528
USRC SOLID ROCK DIALYSIS,MANUAL_COORDS,35.658670176588586,-109.04031321553796,1580 NM-264 ste a Gallup NM 87301
032633 SANTAN DIALYSIS (FMC),MANUAL_COORDS,33.0314,-111.3873,300 W Highway 287 Florence AZ 85132
