tract_geoid,HTN_crude_prev,DM_crude_prev
04003001401,14,2.5
04005002201,27.5,8.1
04007001300,41.7,21.4
04007000100,43,14.6
04007000600,45,17.2
04003001302,43.7,15.4
04001942700,38.6,20.4
04001944000,35.2,17.8
04003000600,36.3,16.4
04007000400,39.7,13.2
04001970501,30.9,11.5
04003000102,50.5,18.3
04005001000,11.8,2.2
04005002302,33.7,10.4
04007000800,43.9,18.3
04003002002,40.9,13.7
04001944100,34.5,18.2
04003000301,46.1,16.9
04005001302,28.7,8.9
04005000500,25.8,9.2
04007001100,35.2,14.3
04003001501,38.4,14
04003000800,40.4,20.6
04009961202,31.7,10.4
04005001301,29.9,9.2
04003001502,40.5,15.9
04005000302,24.7,9
04009961201,26.4,7.9
04003000700,34.1,15.5
04005001602,40.2,13
04003001701,33,10.4
04003002001,38.7,12.5
04003001301,43.5,15.6
04007940200,39,21
04001944901,39.8,21.8
04005001103,18.7,6
04003000502,47.5,17.4
04005944900,33.7,15.2
04007000302,39.4,13.7
04003000203,45.7,14.9
04005002301,31.9,11.7
04003001000,40,12.2
04005000400,25.6,8
04005945000,39.2,19.8
04005000902,24.9,8.5
04003001100,46.5,19.1
04001944202,36.8,19.3
04005002102,25.9,8.4
04001945001,33.5,16.1
04005000200,26.4,7.9
04003001900,37.4,11.1
04005000301,27.1,9.9
04005000901,21.2,6
04001942600,39.2,21.5
04001970202,43.5,18.2
04009961300,34,12.7
04007940400,35.5,17.8
04003001702,38.5,13.9
04003000101,42.4,17.5
04005001104,18.4,5.4
04005000601,36,11.7
04001945002,40.5,22.2
04003001703,35.9,10.8
04007001000,35.7,13.9
04005002202,26.6,7.6
04007000200,41.1,14.4
04005002101,29,9.9
04009961100,32.7,10.5
04003000902,41.7,22.2
04001944201,34.1,17.4
04005001700,33.3,11.8
04005000800,20.6,6.9
04003001601,31.3,9.5
04005000602,24.5,7.1
04001945100,39.1,21.2
04001944301,38.8,21.3
04003000201,38.1,13.2
04003000202,36.9,14.8
04005000700,24.8,7.7
04003000400,45,14.5
04007000700,47,16.9
04005001601,44.3,15.1
04003000304,39.9,12
04007001200,32,11.4
04005001101,21.2,6.1
04003002100,41.1,13.1
04003001802,37.8,11.2
04005000100,27.8,7.9
04003000303,41.7,13.6
04003000501,46.5,16.6
04001944302,39.8,22.2
04005001201,24.2,7
04003001602,42.2,16.1
04007000900,35.1,14.7
04005945100,39.4,19.2
04003000305,44,13.6
04005001500,35.4,11.3
04003000503,32.1,10.5
04003001801,40.8,12.2
04007000500,40.9,14.5
04001944902,41.6,23.2
04003001200,45.6,18.8
04001970300,28.4,10.5
04005945200,37.5,18.3
04001970502,38.6,14.6
04007000301,41.3,14.7
04005002000,32.9,10.8
04009940500,38,18.1
04005942201,39.2,19.5
04001970201,31.5,10.2
04003001402,13.3,2.4
04005942202,39,19.7
04003000901,40.1,20.7
04013061040,27.2,9.7
04013112301,29.5,13.9
04013103217,29.7,9
04013108301,28.1,7.9
04013071600,37.1,14.5
04013040531,47.5,16
04013071510,29.9,9.2
04013103215,31.4,9.3
04013092402,34.7,14.3
04013103607,33.5,10.9
04013104502,27.9,11.5
04013082209,34,17.8
04013106702,33.3,11.2
04013111602,27.1,11.7
04013109003,30.2,13.4
04013104218,27.8,9.1
04013105003,32.6,9.4
04013109705,27.6,12.2
04013110702,27.4,10
04013106300,31.6,9.1
04013103210,28.8,9
04013111502,29.9,12.8
04013092711,30.3,12.1
04013061010,32.1,9.8
04013107102,29.9,13.5
04013061056,25.9,8.2
04013071906,29.2,10.6
04013104216,29.3,9.6
04013108602,24.1,8
04013104219,26.7,8.8
04013061017,17.3,5.1
04013061029,35.1,11.8
04013104600,34.8,13.7
04013082204,24.1,9.4
04013112512,32.5,14.5
04013040512,54.9,16.9
04013112519,31.3,15.8
04013071903,32.4,11.4
04013030401,42.4,12.6
04013050616,26.7,9.3
04013040535,32.4,9.7
04013111204,19.1,5.6
04013107101,30.2,13.2
04013110100,31,15.3
04013092705,29.3,12.2
04013112523,24.2,8.6
04013108100,24.8,6.6
04013105702,30.3,11.9
04013061059,29.4,9.3
04013103304,27.3,11.5
04013104205,31.3,11.8
04013103216,29.1,8.5
04013112502,27.4,12.6
04013060802,28.2,10.1
04013103207,32.6,9.5
04013092709,30.3,11.4
04013109101,30,14.2
04012020503,56,24.2
04013061049,27.7,9.5
04013092723,27.4,8.8
04013104226,33.5,12.1
04013040516,44.2,14.2
04013104224,31.4,10.7
04013071801,54.1,20
04013040522,54.3,16.5
04013107201,13.2,3.1
04013104802,34.2,11
04013030402,39.3,11.9
04013050621,28.3,9.8
04013061024,25.2,8.9
04012020102,46.7,14.9
04013103303,34.6,11.1
04009961700,31.9,11.3
04013092712,26.7,10.2
04013061401,32.4,15.4
04013103306,30.6,12.6
04013082212,24.6,9.6
04013108200,28.3,8.4
04013071802,55.8,20.9
04013071513,33.1,11.1
04013106801,38.6,18.4
04013104501,32.2,13.4
04013040541,35.8,12.9
04013061031,28.6,9.2
04013109601,29.8,13.8
04013103702,32.8,10.4
04013104215,29.8,9.6
04013061039,26.4,8.1
04013071517,26.8,8.3
04013071911,28.9,10.3
04013103219,32,9.2
04013107403,33.9,13.6
04013109704,29.5,13.8
04013092401,30.8,12.2
04013112401,25.8,11.4
04013110701,26.6,9.6
04013092900,35.2,17.8
04013109900,28.3,13.2
04013040532,23.7,6.9
04013105400,28.6,8.1
04013040537,31.5,9.1
04013108400,27.9,8.6
04013107002,34.3,15.9
04013040523,52.1,16.2
04013082024,23.8,8.5
04013071915,28.8,9.7
04013107800,38.9,11.1
04013061026,30.4,9.6
04013107402,32.3,13.6
04013082028,26,11
04013104801,33.3,10.2
04013106701,32.1,12.5
04013061036,27,8.5
04013093106,32.4,15.2
04012020501,50.3,17.7
04013050617,28.1,10.2
04013112514,25.3,9.2
04013060801,35.6,15.7
04013111100,28.8,8.5
04013112504,27,11.9
04013061052,25.9,9.1
04013109603,25.2,10.5
04009961400,31.7,11.2
04013112202,38.1,19.2
04013104301,30,10.7
04013082208,28,12
04013071506,55.2,18.7
04013111402,30.1,11.7
04013107900,33.9,10.1
04013112517,26.4,10.9
04013107500,30.4,8.9
04013092719,25.8,9.2
04013109707,25.7,10.9
04013061055,28.4,9.4
04013061018,51.2,15.2
04013061063,28.6,11.4
04013061402,27.9,12.1
04013110400,28.8,10.4
04013110001,28.8,13.7
04013040513,53.3,16
04013092309,31.4,10.8
04013103400,29.2,9.4
04013105102,34.4,10.5
04013104223,34.8,11.6
04013071514,30.1,9.8
04013110901,30.8,10.2
04013082213,24.3,9.5
04013061027,31.2,10.5
04013083000,33.1,16.5
04013106501,27.7,8.4
04013103206,32.6,9.4
04013061064,28.9,9.6
04013082010,26.3,11.1
04013103608,26.4,8.8
04013040507,54.8,17.1
04013050620,26.1,8.1
04013105103,35.1,10
04013109500,28.9,12.6
04013050603,34.7,13.4
04013092308,31.1,11.6
04013061060,26.6,8.4
04013110802,31.1,10.9
04013071512,29.7,9.8
04013061044,28.4,9.2
04013060902,34.9,17.3
04013071509,30.1,9.6
04013082025,26.1,9.3
04013104221,30.4,10.3
04013108902,30.1,11.4
04013103214,32,9.3
04013104100,30.9,11.2
04013103604,33.2,11.7
04012940200,30.9,11.9
04013107601,31,10.3
04013040526,55.6,18.1
04013106802,34.4,13.3
04013104000,31.7,12.2
04013092713,29.9,12.4
04013103701,35.3,13.3
04013108901,28.2,9.8
04013061061,27.5,8.8
04013105004,35.9,10.5
04011960200,22.9,7.6
04009961500,34,12
04012020201,43.5,16.2
04013104202,31.8,10.9
04013105502,30.4,11.2
04013104214,36.3,12.8
04013061062,29.1,9.1
04013071913,34.4,13.7
04013050618,27,8.1
04013103220,29.6,8.8
04013092306,31.6,11.2
04013010103,35.7,11.4
04013109401,27.1,12
04013040514,52.4,16
04013105200,28.8,9.1
04013107401,29.3,9.3
04013112515,25.1,10
04013061046,30.6,12
04013050702,30.3,12
04013105601,28.4,11.3
04013106001,33.5,14.2
04013109802,29.5,13.8
04013106600,31,9
04013105602,30.6,11.7
04013111401,27,11.4
04013092716,29.5,12.7
04013103605,33.8,10
04013040538,30.4,9.5
04013105900,31.9,11.9
04013082027,24.7,9.1
04013112508,29.5,13.9
04013092305,34.7,14.2
04013040530,30.8,9.8
04013112402,29.8,14.5
04011960300,36.5,13.1
04013010104,49.7,15.4
04013061020,28.2,9.2
04013111800,28.3,8.5
04013108501,26,8.7
04013103612,29.7,9.1
04013082022,29.1,11.6
04013103302,28.2,9.9
04013103212,32.1,9.6
04013060903,24.8,9.3
04013061043,26.7,9.8
04013061047,27.2,9
04013093001,35.9,16.6
04013093105,32.2,14.6
04013106002,31.1,11.4
04013071515,35.4,11
04013061057,29.1,10.3
04013071504,54.8,18.1
04013092500,36.4,15.4
04013071914,29,11.3
04013107300,29.4,11.9
04013050614,27.8,9.9
04013105503,28.8,10.3
04013104206,31.1,11.6
04013104702,35.7,14.3
04013071912,34.2,13.5
04013061013,28.4,10.1
04013107202,29.9,13.6
04013040534,50,15.4
04013092715,27.2,11.2
04013092311,33.8,14.4
04013071511,29.3,9.8
04013109300,30.2,14.5
04013050604,31.8,11.8
04013082205,25.1,10.2
04013040539,33.6,10.9
04013109703,28.2,13.1
04013071702,54.6,19.7
04013082002,28.7,11.3
04013103211,32,9.8
04013112516,25.5,10.6
04013109200,29.3,12.4
04013040506,53.5,17
04013040529,53.7,16
04013092312,30.4,10.4
04013109801,28.7,13.4
04012020505,48.1,15.7
04013082026,26.4,9.7
04013110600,26.6,8.8
04012020202,47.1,15.8
04013112510,25.9,10.9
04013061014,26.1,9.3
04013109706,28.6,13.4
04013105300,33.2,11.3
04013061100,13.7,2.9
04013109602,25.9,11.3
04013010102,43.4,13.6
04013082021,28,10.7
04013109102,32.3,15.6
04013109402,31.4,13.8
04011960100,31.8,12
04013109001,29.8,12.9
04013071701,30.6,10.6
04013112302,31.9,15
04013040533,21.2,6.1
04013112521,24.4,9.8
04013104203,28.6,9.7
04013061048,32.2,11.1
04013103305,33.7,16
04013103205,31.4,9.3
04013093104,29.3,12.4
04013106003,32.9,13.1
04013050609,33.3,11.1
04013060904,27.5,11
04013071910,32.2,12.6
04013082017,23.3,8.4
04013108502,24.7,7.2
04013061032,28,9.1
04013103501,32.7,11.1
04013107700,23.9,6.6
04013092710,28.8,10.9
04013061300,33.6,15.4
04013104207,30.2,9.8
04013103900,30.2,10.6
04013103609,29.4,9.9
04013107404,37.8,16
04013103209,30.9,8.6
04013040525,54.6,17.7
04013111501,29.4,13.8
04013082211,25.2,9.6
04013082207,26.3,10.7
04013105002,38.8,12.1
04013109702,31.6,15.2
04013112518,26.8,10.9
04013071505,54.8,20.2
04013104302,31.1,11.2
04012020602,45.8,20.3
04013109002,28.7,11.5
04013112100,27.3,13
04013105501,27.4,10.2
04013092724,35.8,13.5
04013082009,27.3,12
04013106400,30.4,9.4
04013060901,26,9.2
04013103606,34.3,11.9
04013106900,31.7,13.9
04013071516,35.8,11
04013040502,40.5,13.6
04013107001,32,14.1
04013061035,29.4,9.7
04013108802,24.3,7.3
04013112507,25.6,11
04013111700,25.9,8.5
04013061053,27.6,9.7
04013105800,29.4,11.3
04013112201,31.1,15.7
04013111300,26.1,8.6
04013092600,31.1,13.4
04013104225,31.1,10
04013111201,29.8,10.7
04013050613,26.7,9.2
04013092708,27.9,9.5
04013040536,25.6,7.4
04013110002,29.8,14
04013111601,32.7,14.5
04013093002,29.7,12.3
04013104217,32.7,10.9
04013061041,27,10
04013110801,25.9,8.8
04013050611,26.8,9.5
04013106200,32.3,9.3
04013108000,27.5,7.3
04013050612,25.5,8.9
04013108601,31.2,12.6
04012020101,41.1,15.1
04013104204,32.7,11.9
04013082023,28.3,10.5
04013104227,33.9,12.9
04012940300,38.4,17.6
04013092721,26.8,9.4
04013061045,32.6,10.7
04013061050,28.5,10.1
04013061054,36.6,11.9
04012020504,56.3,22.4
04013111202,21.5,7.6
04009961600,27.3,8.2
04013082019,31,11
04013082012,26,10.1
04013111203,23.4,7.3
04013061051,25.7,8.4
04013106703,30.6,9.7
04013082018,25,10.4
04013093101,33.3,15.5
04013106100,34.7,10.7
04013040540,29.8,10.2
04013104402,30.8,10.7
04013040527,43.8,14.1
04013092802,33,15.8
04013082020,29.7,10.5
04013110501,29.6,10.2
04013050701,28.2,10.5
04013103614,34.7,11.5
04013104701,34.5,12.5
04013109604,29.6,14.1
04013061042,40.7,15
04013082007,28.6,12.3
04013104401,34.6,13.5
04013092718,30.1,12.9
04013112520,29,13.7
04013103502,32.2,10.4
04013061058,26.9,9.3
04013040524,55.8,18.8
04013092307,35.3,14.2
04013050619,32.4,10.5
04013104212,29.2,10
04013104900,28.9,8.4
04013112522,27.7,12.7
04013061021,25.5,8.7
04013103611,32.3,9.8
04013105101,32.3,9.1
04013111000,27.5,8.2
04013104222,31.1,10.7
04013107602,26.5,7.9
04013092801,31.5,14.4
04013092717,30.9,13.4
04013082008,26.6,11.3
04013061028,31.7,10.3
04013061034,26,8.1
04013071909,36.2,13.5
04013040515,44,15.3
04013092720,26.4,9.4
04013106502,28.6,8.8
04013082206,24.2,9.6
04013110502,25.3,8.1
04013061033,28.5,9.3
04013061200,32.2,14.8
04013093200,29.5,11.2
04013061038,29.2,9.8
04013108302,28.8,8.6
04013111900,28.8,8.5
04013040528,54.2,16.7
04013103208,34.9,10.1
04013105701,32.1,12.2
04013082210,25.7,10.1
04013061015,29.7,10.5
04013103615,35.3,15.4
04013110902,26.8,9.1
04013082016,29.2,11.5
04013050615,26.5,9.2
04013071503,54.3,17.2
04013061037,26.4,8.1
04013061011,26.4,9.1
04013116611,31.4,11.8
04013319903,30.9,9.8
04013216806,34.9,10.3
04013422633,29.1,10
04013422504,27.2,8.7
04013116616,28.2,11
04013216852,28.5,8.4
04013217400,33.6,9.9
04013422640,35.6,10.9
04013615100,25.3,7.1
04013422404,27.3,8.3
04013610600,27.8,8.3
04013422627,39.1,15.3
04013422501,27.8,9.3
04013420107,33.9,10.3
04013218300,35,11.9
04013421902,31.2,14.8
04013611200,27.2,8
04013319401,24.6,7.7
04013610901,34,11.7
04013114600,35.1,19
04013420207,36.6,10.9
04013116617,32.5,13.1
04013422217,26.7,8.4
04013216813,36.8,10.4
04013420302,32.1,10.1
04013422615,27.5,8.9
04013613300,29.8,8.6
04013113601,24,9.5
04013116717,24.2,7.6
04013216830,32.1,9.7
04013610500,33,10
04013422617,27,8.3
04013113800,22.6,7.7
04013217102,25.2,6.8
04013319104,15.3,4.2
04013420111,29.1,9.9
04013115600,32.6,14.6
04013422636,24.1,7.4
04013116711,31,10.1
04013319902,28.9,9.1
04013420214,41.7,14.6
04013422514,26.4,8.6
04013422002,29,12.5
04013318400,19.8,6
04013422216,27.4,8.4
04013216836,31,8.9
04013319101,15,3.7
04013420505,24.9,8.6
04013613900,28.2,8.6
04013422634,33.8,12.1
04013422106,27.1,10.1
04013421701,28.2,10.1
04013216831,36.5,11
04013112601,34.9,18.1
04013610002,30.4,9.5
04013420202,40,14.4
04013422642,28,8.7
04013422654,25.5,7.7
04013320001,21.8,6.6
04013422652,56.2,18.1
04013422630,40.2,15.6
04013611300,24.4,7.1
04013422502,28,9.4
04013319103,16.1,4.4
04013318700,16,4.2
04013116738,26.3,8.3
04013421102,28.7,10.1
04013422610,52.4,17.1
04013216842,31.4,9
04013611000,27.7,8.3
04013612402,23.7,6.6
04013422650,38.3,11.9
04013216853,30.3,8.6
04013614700,31.9,11
04013422213,27.3,8.5
04013612401,25.1,7.3
04013422658,24,6.8
04013116612,28.9,10.9
04013611800,26.4,7.8
04013116710,33,10.4
04013422221,26.6,8.6
04013114900,41.2,22
04013611400,27.9,8.2
04013216833,34.2,10.2
04013611100,26.1,7.7
04013115802,31.7,15
04013421001,40.8,15.7
04013216841,35.8,10
04013217201,20,5
04013216850,27.3,7.9
04013420112,29.7,9.4
04013216845,31.3,9
04013318900,23.4,7.2
04013116204,29.7,12.8
04013116610,26.7,9.5
04013421304,19.9,5.9
04013610903,25.9,7.3
04013216809,34.6,9.9
04013612800,31.4,9.3
04013116707,29.4,8.6
04013422210,28.3,9.2
04013216843,43,12.6
04013216835,35.4,10.7
04013422507,29.8,8.8
04013610202,39.5,11.7
04013422105,26.3,9.5
04013610800,26.4,7.8
04013115300,41.7,21
04013117100,23.4,7.4
04013420210,34.1,10.8
04013117200,32.7,16.5
04013420115,34.9,12.8
04013116719,27.4,8.7
04013216822,39.3,11
04013422103,26.4,9.1
04013615400,52.7,16.4
04013422659,41,13
04013422620,26.8,8.2
04013614500,30.4,10.7
04013216855,32.8,9.5
04013116618,24.4,8.3
04013523102,26.4,10.1
04013614100,29.6,9.5
04013422618,54.7,16.9
04013216857,41,12.4
04013612302,24.7,7.4
04013116727,29.4,8.7
04013422402,29.7,10
04013113301,40.7,21.3
04013420705,28.2,8.3
04013319710,20,6.2
04013420212,36.3,11.1
04013116500,33.4,16.2
04013422104,29.5,11.2
04013422301,25.7,9.8
04013422656,25.7,7.3
04013422648,24.5,7.3
04013116619,28.1,10.1
04013113000,21.2,6
04013216838,29.8,8.6
04013613601,32.3,10.1
04013612500,33.5,10.1
04013422513,31.6,9.7
04013421201,21.6,6.7
04013216832,43.8,13.9
04013610302,29.5,8.8
04013319708,31.1,10.5
04013113502,34.5,17.3
04013319402,27.8,8.3
04013523103,27.7,8.7
04013113204,27.1,10.7
04013422637,26.8,8.1
04013116725,29.3,8.8
04013217300,29.2,7.9
04013420301,28.9,8.5
04013319001,9.4,1.4
04013320007,24.5,8.3
04013114704,36.9,18.7
04013422218,28.5,9.5
04013218000,26.6,7.9
04013611900,26.8,8.2
04013319500,22.7,6.6
04013420213,53.3,17.7
04013420706,28,8.6
04013216807,33.1,9.5
04013612900,30.8,9
04013422621,28.5,8.9
04013115200,30.5,13.6
04013422102,34.3,14.4
04013319002,14.6,3.7
04013116205,24.7,8.7
04013422219,28.2,9.3
04013421901,27.9,11.5
04013116300,33.4,14.4
04013217101,27.9,8.1
04013420211,29.6,8.8
04013216851,36,10.3
04013420603,29.2,8.8
04013116620,28.3,10.7
04013116621,27.3,10
04013216856,40.4,12.4
04013614300,34.8,10.8
04013422209,26.5,8.8
04013216834,42.9,13.7
04013116728,28.3,8.3
04013113100,24.4,8.1
04013216837,28.6,8.4
04013420206,49.2,16.1
04013613200,33.3,9.9
04013320002,35.6,18.2
04013116100,29.4,12.4
04013420105,31.1,9.3
04013422622,28.5,9
04013422626,53.4,18.6
04013420401,31.5,12
04013319907,32.5,9.6
04013611600,29.8,8.8
04013522903,30.3,13.7
04013420902,28,9.2
04013216821,41.7,12.9
04013216829,40.5,11.6
04013422625,45.1,16.7
04013421801,26.3,9.7
04013612301,22.2,6.4
04013216861,31.3,9.4
04013523005,27.4,8.7
04013615001,28,7.9
04013422638,23.5,7.3
04013319910,28.2,8.5
04013216860,27.7,8.2
04013116615,30.3,13.7
04013615300,54.6,20
04013116607,24.7,9
04013116202,28.2,11.7
04013420506,26.7,9.5
04013422203,25,8.2
04013114705,28,8.6
04013610902,24.9,7.2
04013422212,30.9,9.3
04013319600,25.5,7.8
04013420709,48.9,17.3
04013216810,35.8,10.6
04013422628,36.2,14.1
04013422211,33.9,10.8
04013613500,34.7,11.2
04013422509,28.3,9
04013420707,45.4,15.8
04013420104,39.1,13.2
04013116732,33.7,14
04013217700,29.8,9.3
04013216840,34.5,10
04013422629,32.5,10.6
04013217800,29.4,8.7
04013116000,31,12.1
04013422506,28.5,8.8
04013217501,27.7,9.7
04013422305,30.8,10.2
04013614000,30.1,9.3
04013319705,28.2,10
04013522901,27.4,9
04013420504,30,10.1
04013216819,38.5,11.3
04013420303,29.3,9.5
04013116400,31.6,14.3
04013422639,48,14
04013420108,32.8,9.7
04013420116,45.8,16.9
04013422401,22.6,6.9
04013610700,34.7,10.8
04013421702,40.1,17.2
04013615202,32.5,9.5
04013610400,27.9,8
04013613100,42.1,11.8
04013614800,28.2,9.2
04013613800,28.7,8.4
04013612700,35.4,10.4
04013422651,25.8,7.9
04013216901,36.2,11.2
04013421303,26.6,9.8
04013422643,25.4,7.6
04013318501,27.5,9
04013422307,25.5,8
04013218200,22.3,6.7
04013422227,30.7,10.2
04013114402,32.9,15.7
04013117000,30.2,12.1
04013116800,35.6,15.6
04013319403,27.2,8.3
04013216839,31.7,8.8
04013112602,31.6,16.7
04013217001,36.3,10.5
04013116203,28.6,10.3
04013420208,28.8,9.6
04013610100,36.6,12.8
04013612200,24.8,7.1
04013611700,31.3,9.4
04013116614,26.4,10.8
04013614602,24.5,7.5
04013319906,28.9,8.4
04013217203,38.1,11.5
04013421501,30.2,12.8
04013420216,34.4,10.7
04013217002,28.6,8.2
04013116720,29,9.2
04013420304,32.8,9.9
04013216820,38.1,11.6
04013422647,22.5,6.3
04013422107,25.2,8.8
04013116737,30.6,10.6
04013422511,26.7,8.1
04013420209,43.1,15.2
04013116606,28.1,11.1
04013116714,28.5,8.9
04013117300,36.8,19.4
04013422607,51.3,16.9
04013422510,27.7,8.5
04013523007,25.3,8.6
04013115900,31.3,14.2
04013320100,20.8,5.8
04013523006,29,10
04013420710,37.3,13.4
04013420114,28.9,9.8
04013116715,31,9.8
04013422632,41.8,15.1
04013614400,32.6,11.4
04013421502,30.4,12.8
04013610301,30.5,8.7
04013421601,29.7,11.8
04013218100,27,8.7
04013115700,29.9,14.1
04013422624,53.9,18.5
04013114200,30.8,13.9
04013116736,33.3,14.8
04013216849,34.5,9.9
04013113201,26.9,11.7
04013116900,32.2,15.5
04013420109,32.7,10.2
04013422308,27.1,8.8
04013615002,26.7,7.1
04013112900,30,11.6
04013216826,35.6,10.2
04013420800,28.6,9.6
04013614900,26.4,7.8
04013116729,29.1,8.4
04013116605,25.6,9.1
04013420604,30.9,9.3
04013421602,29.4,12.7
04013115500,35.1,18.1
04013422512,26.5,8.1
04013522802,19,5.4
04013421202,28.1,9.7
04013114302,37.8,18.2
04013216816,30.6,8.7
04013216859,33.4,9.7
04013116721,28.3,8.2
04013319905,30.2,9.5
04013422657,24.9,7.2
04013217900,27.1,7.8
04013612600,29.1,8.2
04013217600,23.9,6.7
04013422653,30.9,9.8
04013420110,35.4,11.5
04013319904,28.9,8.9
04013318800,18.9,5.4
04013319300,25,9.2
04013113900,40.7,20.7
04013420704,30.6,10.2
04013422309,24.5,7.6
04013319802,21.1,6
04013319801,25.8,8.6
04013612000,28,8
04013420402,25.2,7.2
04013114500,30.6,15.2
04013116713,28.8,8.9
04013113701,27.4,10.7
04013422660,29.3,9.5
04013115400,36.3,19.4
04013422503,25.1,8.3
04013116734,32.5,13.3
04013420503,30.4,10.8
04013420215,28.1,9.2
04013217204,23.8,7
04013614200,32.6,9.9
04013613000,32.4,9.4
04013420901,27.5,9.8
04013114100,26.9,8.3
04013113202,29.5,12.8
04013113503,30.4,14.3
04013523008,28.3,9.8
04013319908,27.6,8.9
04013116735,30.5,13.4
04013613400,35.2,11
04013422215,26.7,8.7
04013610201,37.1,11.6
04013422222,28.8,8.9
04013421802,29.7,12.6
04013422623,22.5,6.5
04013216854,26,7.2
04013421302,30,12.2
04013114301,39.3,16.7
04013217502,20.2,5.4
04013420113,32.2,10.4
04013116718,28.7,8.7
04013113602,31.6,14.3
04013116731,27.6,8.3
04013112524,26.3,9.9
04013422609,38,12.8
04013422302,25.7,8.6
04013422223,29.5,10.1
04013421002,34.1,12.2
04013523002,32.7,14.2
04013523104,27.7,10.2
04013116712,25.9,8
04013114800,33.6,16.4
04013319404,37,10.3
04013319706,23.4,8.4
04013112700,31.3,15.9
04013420602,31.3,10.2
04013319909,30.7,9
04013114000,27.2,9.6
04013422304,21.8,6.6
04013611500,26.2,8
04013610001,34.9,11.4
04013216902,29.3,8.4
04013422403,30.3,9.9
04013615201,22.9,6.6
04013522904,28.2,11.9
04013116708,37.1,11.6
04013319202,21.2,6.6
04013613602,24.1,7.1
04013421400,35.2,13.1
04013422220,30.8,9.5
04013421101,30.3,11.2
04013614601,25.3,7.6
04013422649,25.5,7.7
04013113702,30.6,12.7
04013420708,44.8,16.5
04013115801,33.9,16.9
04013116709,29.4,10.6
04013114401,36.2,19.4
04013116730,27,8.2
04013613700,27.7,8.6
04013116703,30.6,11.7
04013422655,23.8,7.2
04013422508,27.8,8.6
04013319201,20.8,7
04013216844,34.6,9.8
04013422001,30.2,14
04013817101,26.6,8
04019002504,38.2,15.9
04015951501,45.9,16.3
04015951800,39,15.1
04019004042,34,10.1
04017965302,43.1,14
04019004407,32.8,13.7
04019002000,35.5,14.1
04013723311,31.1,9.8
04013816003,25.4,8.1
04015950705,41.9,15.2
04019004127,33.5,10.2
04019004072,33.4,9.9
04019004114,33.9,15.2
04013814600,22.8,6.8
04013723306,42.1,19.4
04019004324,55,15.1
04019002604,35.8,14.5
04013811000,28.6,8.7
04015950500,49.5,18.8
04019004050,36.9,10.1
04015950708,46.4,16.7
04015951504,43.8,13.5
04013618400,35.2,13.6
04019003503,37.5,15
04013816005,27.8,8.7
04019002602,32.8,11.5
04017940014,50.5,26.2
04019004057,34.3,10.4
04013616300,31.4,10
04019004075,39.7,13
04019002300,40.4,19.9
04019000100,33,11.2
04013812400,22.5,6.7
04019004130,51.7,14
04013815203,23.8,7
04019004036,31.7,9.7
04019001303,39.9,17.6
04019004328,55.1,15.8
04019003102,38.7,13.5
04013811400,29.7,9.9
04015940501,45.1,15.7
04015950603,47.9,17.9
04019001400,25.8,8.4
04013723307,33.3,10.6
04019003303,37.8,12.4
04013814400,24.2,7.2
04019004035,40.3,13.7
04017940015,45.8,21.8
04013810000,24.4,7.4
04013616400,31,10.1
04017940301,40.3,18.7
04019004117,31.5,13.1
04013815601,25.4,7.3
04019003802,35.5,16.4
04019003704,35.8,16.7
04019001802,30.8,9.6
04019003902,32.5,13.9
04019001801,37.8,14.2
04013815901,25,7.8
04015951404,50.7,20.3
04019004118,28.9,9.7
04019004082,33.7,8.9
04019004038,35,11.5
04013723305,36.5,18
04013811500,29.4,9.8
04013616600,30.4,10.4
04013810900,28.4,9
04013816401,25.5,7.5
04015955001,37.1,12.2
04017962501,37.3,10.4
04019001304,34,13.2
04019004333,31.2,11.6
04019004076,36.6,13.1
04013815902,26.6,8
04019004049,33.7,10.1
04013810800,25.4,8
04019003901,38.3,18.5
04015953901,37,11.9
04015951401,45.4,15.1
04015952006,41.7,14
04019002603,35.3,14.2
04019003705,36,16.7
04017960200,36,12.6
04019004026,35.1,10
04019004032,35,10.1
04015953604,36.5,10.5
04019003103,38.5,14.3
04019004340,29.6,11
04015954900,42.2,13.6
04019002801,37.7,14.9
04015955002,41.8,14.6
04013811800,25.6,7.9
04015952400,42.6,12.9
04019004313,42.1,15.9
04013816600,23.1,6.6
04013815502,21,6.1
04019000700,30.5,9.9
04019004326,32.1,10.9
04019004051,36,9.3
04019004062,25.5,7.2
04015950601,49,18.4
04013619900,28.2,8.1
04017940100,36.3,14.9
04019003506,36.3,14.8
04013810600,28,8.6
04017960400,38.9,14.5
04019002202,34.9,15.1
04019004034,33.7,11.8
04013617002,33.5,11.5
04017961300,42.5,14.5
04019004332,55.8,15.9
04013723304,37.4,13.9
04013817102,26.5,8.7
04013723309,32.6,10.3
04013618100,30.5,9.4
04019004330,56.5,17.3
04019004129,46.3,13.7
04013812500,25.5,8
04019002100,33.7,14.3
04013618900,32,11.1
04019002505,29.4,11.9
04013811100,24.8,8.1
04017940008,49.7,25.2
04013815000,26.3,7.8
04019002704,33.2,11.2
04015950401,50.6,20.1
04015950602,45,15.9
04015950101,46.2,16.8
04019004317,54.7,16.7
04013812900,28.2,8.6
04019003104,36.3,13.4
04013615800,32.2,10.3
04013816004,24.1,7
04019004047,37.5,10.3
04013815602,23.6,7
04015954801,44.1,14.1
04019004071,38.8,12.2
04019004046,35.3,10.5
04019004337,51.5,15.9
04019004063,27.8,7.5
04015953406,44.3,15.2
04015951503,52.3,18
04015951601,43.1,16.4
04019001900,32.8,9.5
04013618500,26.7,8.5
04017962502,42,12.6
04013817200,29.1,9.3
04013815401,29.5,8.7
04019004055,35.7,10
04019004322,32.2,13
04015952702,41.8,14
04019000401,25,7.5
04019004122,27.9,11
04015953602,38.5,13.4
04013814801,21.1,6
04013615900,26.8,8.3
04017963700,48.8,15.8
04013619500,31,11
04019004008,33.5,10.5
04013810400,26.7,8.4
04015950403,50,17.4
04019004132,23,6.3
04015954802,40.3,14.3
04013816100,23.6,6.9
04015952701,41,15.2
04015951602,40.1,14.6
04013812600,27.8,8.2
04019004052,41,10.9
04013816501,29.3,8.4
04017963400,40.8,12.6
04019004054,37.7,10.2
04015952901,37.1,11.8
04019003202,35.9,12.7
04019004311,33.5,12
04019002509,40.4,18.7
04013816200,26.8,8.3
04019002802,32.8,11.1
04019004126,25.6,6.6
04013816700,25,7.3
04013814000,47.9,15.2
04013813900,27.8,8.6
04019004320,38.1,17.1
04013812200,24.9,7.9
04019003707,32.6,14.4
04019003302,34,10.7
04019004413,33.3,10.8
04017940012,47.4,23.6
04019000402,23.7,6.9
04013815300,27.3,8.3
04013817300,54,16.6
04013810700,25.2,8
04017942400,47.7,24.1
04019004316,39.4,13.6
04013616200,29.1,9.3
04017940013,43.3,19.5
04019004325,52.7,15.1
04015952902,37.3,10.7
04019001302,38,15.3
04017960500,33.3,11
04019004010,33.5,10.2
04013813300,26.8,8.3
04013616700,26.2,8.1
04015951701,42.6,18.2
04019004128,34.4,8.8
04019003706,34,15.4
04019004110,34.9,15.1
04019004067,36.7,12
04017965201,41.7,13
04013981000,48.3,23.5
04019004079,34.2,9.4
04019001700,29.4,8.2
04015952802,43,13.9
04019004133,56.4,16.7
04013810300,28.8,9.3
04013815202,21.1,6.1
04019003003,35.4,11
04019004327,39.4,13
04017964902,45.1,12.6
04013815800,24.5,7.2
04019004310,30.9,10.9
04013617800,36.3,11.9
04013941000,34.2,16.7
04019001100,35.1,15.4
04013816904,24.9,7.2
04013816902,25.4,7.1
04019004030,35.5,9.1
04019004321,31,12.1
04013815501,24.3,7.2
04013723310,33.2,10.5
04017940011,44.6,21.4
04013813000,32.8,9.9
04019002508,31.9,13.2
04013618000,30.7,10.1
04019001500,23.9,7.2
04017960600,36.5,13.5
04015952004,42.8,14.6
04013813400,26.8,8.2
04013811900,27.3,8.6
04013810200,25.7,8.1
04019004053,35.2,9.8
04019004404,51.3,15.3
04019004307,53.1,15.7
04019004338,58.4,18.4
04013619400,24.2,7.6
04015950103,30,9.3
04019004044,37.7,10.2
04013618600,29.4,10.1
04019003505,37.5,15.2
04019004415,36.8,13.1
04015950404,47.7,15.7
04013619602,30.6,10
04013813700,53.6,17.2
04019003801,37.4,18.1
04013815100,23.7,7.2
04019004043,34.6,10.2
04015950102,23.7,6.5
04017963800,35.2,10.4
04013814500,25.4,7.6
04019003002,37,11.6
04013812700,26,7.9
04019002901,34.8,11.4
04019004068,39.5,11.5
04013619800,25.6,7.7
04013940700,42.7,21.6
04019004336,26.7,8.1
04013810500,27.6,8.8
04019004323,25.3,7.7
04019004031,39.8,11.9
04013812300,25.1,7.7
04015953800,40.4,14
04019004131,27.2,9.2
04019000502,12.2,2.2
04019001200,33,13.4
04013619000,32.8,10.2
04019002503,41.1,18.9
04015950706,40.3,14.4
04015953403,43.8,13.8
04013618200,28.7,9.2
04019003601,15,3
04019003400,35.8,12.2
04015953100,43.2,14.1
04013619300,30.9,10.7
04019004109,34.2,10.1
04019004056,33.3,10.3
04017963300,35.3,10.5
04019002904,41.7,12.2
04013814200,30.1,9.2
04015952501,43.6,13.8
04019004080,36.6,9.3
04013814900,27.3,8.3
04013815201,21.5,6.2
04013617400,45.2,14.5
04013816301,52.9,16.6
04019004115,32.6,14
04013619700,30.8,9.9
04013813600,26.5,7.7
04013816800,25.3,7.4
04019004116,29.9,11.7
04019002507,32.1,12.3
04013817400,52.6,17.7
04019002400,38.3,18.1
04019004029,34.7,11.8
04015940400,37.9,18
04019000600,28.1,8
04017960100,40.5,15.8
04013816002,24.5,7
04015952005,43.4,13.5
04017964202,39.4,11.6
04013615500,51.4,15.9
04015950707,40.8,13.1
04019003903,36.7,17.4
04019004033,36.1,13.3
04015953200,43.3,13
04013814100,26.4,8.2
04017940010,47.6,24.5
04019004312,35,13.6
04019004048,34.2,9.9
04013617500,48.9,15.7
04019004039,42.8,13.6
04017965301,39.9,12.1
04015953404,38.9,12
04015953301,40.7,12.3
04013812802,26.6,8.8
04019004069,36.8,12.2
04013814700,28.2,8.4
04013616900,27.3,8.2
04019003004,33.7,9.8
04013615600,45.2,14.2
04013817103,27.1,8.3
04013616100,27.1,8.8
04013618300,33,11
04019004065,27.6,7.8
04019002703,26.4,8
04019003304,30.9,9.6
04015953603,34.2,10.9
04013618700,29.8,10.5
04013814802,22,6.6
04019004335,27.7,8.3
04013815700,25.4,7.8
04019002905,31,9.1
04013816903,24.7,7.1
04019002702,34.9,11.4
04013617100,29.3,8.6
04013617900,34.9,11.3
04013941200,34.3,15.9
04013616000,26,8.2
04017961701,39.2,12.1
04017942500,37,15.2
04013616500,25.5,8.2
04015952003,39.8,13.4
04013813200,24.9,7.7
04013941300,38.5,17.6
04019004414,31.8,11.3
04017964802,45.2,14.5
04019002803,31.8,10.4
04013812801,24.1,7.4
04015953302,39.7,12.2
04013811300,26.9,8.7
04019004074,27.4,7.7
04015952600,39.9,13.5
04013618800,29.5,10.9
04013616800,30,10.1
04019004081,33.1,9
04017965202,30.1,8.6
04019003702,37,18.2
04015953002,41.6,13.7
04019004339,26.4,8.9
04013816901,24.6,7.2
04013617700,26.5,8.6
04013813500,27.3,8.4
04013816001,26.3,7.9
04017961702,40.4,12.2
04019003201,32.2,9.6
04019003502,35.7,12.7
04017964201,45.5,13.8
04019004112,37.1,16
04013810100,31.6,9.5
04019001600,30,8.4
04013811200,22.9,6.7
04013811600,28.9,9.3
04013816502,29.2,9.4
04015952001,38.8,12.7
04013816302,25.1,7.4
04019002201,36,15.8
04015951702,41.2,16.2
04019000501,15.8,3.4
04013817000,30.5,9.6
04013812100,26.4,8.5
04015950703,43.1,16.3
04019004077,35.3,10.3
04013813800,53.3,16.5
04015952007,43,14.1
04013817600,29,8.7
04013615700,30.9,9.4
04015953001,41.6,13.3
04019004078,36.9,11.3
04013619100,25.4,8.3
04019004412,31.4,9.7
04017942300,44.6,20.6
04019000200,34.4,13.9
04013812000,24.9,8.6
04019000800,29.8,9.9
04013617200,27.5,7.8
04015953902,33.5,10.2
04015953405,40.2,12.2
04013617600,34.2,10.7
04019002906,37.7,11.2
04017964901,35.8,10.4
04013814300,26.7,8.4
04013617300,27.2,8.1
04019000300,32.1,11.2
04015952801,43.1,13.3
04015952502,42.4,12.8
04013619200,26.1,8.6
04019004061,35.5,10
04015951403,44.9,15.2
04013817500,52.8,16.9
04019003504,33.8,11.4
04019004058,36,11.1
04019004070,33.2,11
04017940302,40.9,19.1
04013811700,30.8,10.4
04019004037,37.2,13.2
04015951900,42.7,15.7
04013813100,26.3,8.6
04019004073,28.9,8.6
04013815402,23,7
04013816402,28.6,8.7
04019004066,27.1,7.4
04017964801,43.3,12.9
04027001100,38.1,16.5
04019004641,36.7,9.9
04027011601,32.8,17.9
04019004623,33,9.3
04019004631,31.9,9
04025000207,34.9,10.3
04027011505,29.8,14.6
04019004644,30.7,8.8
04025001201,40.7,11.6
04027000403,37.5,17.5
04019005300,32.2,8.6
04019004433,32.6,9.4
04019004622,32.7,9.3
04019980200,29.6,9
04025001705,41.8,12.2
04025000209,36.9,12.1
04019004650,39.6,10.2
04021001307,40.4,14.2
04025001703,43,13.2
04021002001,45.9,17.5
04025000407,39,10.8
04019004438,30.6,8.7
04027011116,42.7,16.4
04021000221,32,10.9
04021001310,34.1,11.8
04027011122,53.5,23.3
04025001904,37.1,11.1
04021001404,34.5,12.9
04027011503,32.1,16.3
04021000212,30.5,10.2
04021001600,37.1,14.6
04027000501,29,10.5
04025001501,38,11.5
04025001106,36.8,11
04021000227,31.6,10.3
04019004619,37.3,9.9
04019005400,30.8,10.5
04025002100,41.6,14.6
04027000700,34.6,16.6
04021001305,39.3,14.7
04021000315,37.9,13
04021001408,48.2,16.3
04021000216,27.7,8.6
04027011117,32.2,12.1
04025000611,33.5,12.8
04019004634,32,8.6
04025001704,35.8,9.9
04025000404,38.8,11.1
04021000324,44.4,15.1
04021000222,28.9,9.4
04019004632,32.1,9
04027000404,40.7,21.2
04021000206,35.1,11.6
04021001713,30.3,10.2
04019004640,34.9,9.1
04027001003,37.5,15.7
04027010911,27.7,10.1
04023966110,25.8,9.9
04019004627,30.3,9.2
04021001701,36.1,12.9
04025001902,38.7,12.5
04021002005,29.9,11.2
04021000217,29.9,10.3
04027000402,30.5,14.1
04021000310,44.5,16.1
04025000618,46.2,15.1
04025000208,33.3,12.1
04019004617,31.2,8.8
04019004618,35.2,10.9
04019940800,42.8,20.7
04021001407,43.3,17.6
04025001901,47.9,18.5
04025000405,40.7,12.6
04027011700,40.9,13.6
04025001402,44.1,13.8
04027011407,28.8,14.4
04021000225,29.2,9.9
04027011203,46.1,19.6
04021941200,38.2,18.9
04027000800,33,13.3
04021000226,27.8,8.7
04021000229,38.4,12.8
04021002200,42.5,17
04021000604,53.9,16
04021000316,47.3,14.6
04019004635,38.1,10.1
04021001308,37.3,17.3
04025000302,41.8,12.5
04019004439,32.1,9.2
04027000100,37.7,18.7
04021001000,42.3,19.9
04021001309,31.7,10.9
04025002001,35,11.9
04021001704,32.3,11.3
04025000612,29.8,10.7
04019004630,31.5,9.3
04019004615,34.2,9.4
04025000206,38.9,12.2
04021000904,37.5,15.5
04019004648,33.6,9.4
04021000603,48.3,14.8
04027010910,53,18.5
04019004435,41.3,14.1
04021000218,27.1,8.6
04021001303,38.2,13.4
04021000325,43.6,15.5
04027011506,26.7,12.2
04019004616,36,9.7
04027011108,33.4,11.7
04021001707,30.6,10.6
04019004620,33.9,10
04021001706,32.8,11.2
04021000211,30.9,10.7
04025000619,41.9,12.6
04025000615,32.1,10.3
04027980005,20.3,5.6
04027010907,34.2,11.4
04021000208,30,9.8
04025000702,39.4,13.8
04021002107,32.6,11
04025001804,39.8,12.3
04019004633,32.9,9.1
04023966109,34.5,12.9
04025002002,34.4,11.8
04027011123,44.7,17.3
04019004727,37.8,10.4
04025001903,38.5,11.5
04023966302,42.4,22.8
04021001306,36,14.4
04019004422,33.7,10.7
04025002003,36.5,12.2
04021001705,35,12.4
04025000604,33.5,10.5
04025000403,32.3,9.7
04025000802,40.9,12.8
04019004515,32.7,12.4
04021000215,32.8,10.7
04025000406,35.6,10
04027000302,37.9,20.2
04027000600,33.9,14.4
04027011125,52.4,17.7
04025000210,39,13.1
04027012100,31.1,11.5
04019004508,41.8,15.5
04027011501,35.6,17.1
04025001601,36.6,12.7
04019004715,38.3,12.3
04019004711,36.1,9.4
04025002005,39.2,11.3
04019004728,39.8,10.8
04021000228,31.5,10.3
04019941000,38.1,17.1
04019004710,30.8,8.5
04027011119,48.4,17
04025000614,32.7,12.2
04021000220,26.3,8.1
04027011801,28.6,10.2
04019004432,22.3,7.1
04027011120,50.9,18.5
04021001200,44,17.6
04027000301,41.4,22.4
04019004613,32.2,10.2
04025000613,35,10.8
04027011802,36.8,18.7
04021000806,35.2,12.4
04021000320,48.1,18.8
04021941300,37.7,18.7
04027010915,44,16.1
04019004440,30.1,8.4
04019004621,41.6,11.2
04027000910,27.1,10.5
04019004625,28.6,8.1
04025001801,38.8,11.4
04019004722,43.4,11.3
04023966200,34.7,16.7
04023966401,40.7,21.2
04027011107,28.8,9.5
04025000301,31.2,9.2
04019004717,38.6,10.3
04025001004,36.7,9.9
04025001103,43.2,13.4
04019004610,30.5,9.3
04021000312,39.1,14.6
04019004514,36.4,14.2
04021001709,30.9,10.3
04021000204,29.7,9
04021000322,34.5,12.6
04021002400,44.9,21.2
04027011403,35.3,19.1
04019004434,36.1,12.1
04021000902,32.7,12
04019004721,34.7,9.7
04019004645,28.9,8.3
04027011118,57.5,21.1
04025001701,38.5,11.7
04019004626,29.9,9.1
04019004725,31.1,8.6
04021000201,45.7,15.9
04021001717,52.5,17.2
04023966000,43.5,13.9
04027011204,45.2,15.7
04025000901,35,12.8
04027011121,27.4,9
04027011124,56,20.2
04021001100,33.5,12.3
04027011408,27.6,13
04027000909,28.3,12.7
04025000211,36,11.9
04027000200,37.5,18.5
04021001900,44.2,21.1
04025001605,39.5,13.3
04019004712,36.7,10.6
04019004513,40.6,16.1
04025002007,39.9,13.3
04025000803,32.2,10.1
04019004649,44,13
04021001405,45.1,15.6
04019004628,39.6,11.9
04025002006,33.3,9.6
04027011405,31.4,16.1
04021000321,42.6,15.5
04021000805,40.5,12.8
04025000609,34.4,12.5
04019004426,28.5,8
04019004729,38.5,9.5
04027000903,29.5,10.7
04019004730,37.6,9.6
04021001406,36.6,16.1
04021000317,50.4,16.7
04019980100,30.5,8.5
04027011112,52.2,18.6
04021002104,40.3,14.7
04019004436,39.3,11.2
04025000701,39.6,12.7
04019004510,25.5,8.6
04021000903,25.6,8.1
04027010914,43.7,17.8
04027000902,30.7,12.1
04023966111,32.2,13.8
04021000700,42.1,17.8
04019004724,38.1,10.2
04023966107,32.4,13.2
04025001502,42.1,14.8
04027010916,51,24
04023966101,46.2,16
04021000224,29.7,9.8
04021000307,40,13.1
04027980006,13.3,2.5
04021000313,42.1,13.8
04023966103,37.9,18.6
04019940900,40.3,17.4
04021000219,26.8,8.3
04025001105,41.8,12.7
04019004506,35.8,13.6
04027011114,51.4,17.9
04021000400,41.6,18.7
04021000319,54,17
04019004614,39.2,11.1
04019941100,42.2,19.8
04021000807,30.1,9.9
04027011602,33.4,17.7
04025001002,38.2,11.5
04027000901,35.5,13.9
04027001200,33.1,12.2
04019004714,34.7,9.1
04019004713,41.2,11.2
04019980400,26,7.5
04023966108,34.5,16.7
04019004423,41.6,13.9
04019004636,36,10.3
04019004639,30.4,8.6
04021941402,36.3,16.7
04025000608,32.3,10.2
04019004720,41.1,10.5
04021001716,30.5,10
04019004418,40.1,12.4
04027000907,29.4,12.3
04027000502,40.6,16
04025000616,35.4,10.8
04021000804,52.4,19.8
04019004505,41.2,16
04021000808,31.6,11
04027001001,45.9,17.3
04019004419,42.1,15.4
04019004437,26.1,7.2
04021002106,41.8,17.6
04027010913,34.8,15.1
04023966402,39.2,19.5
04019004647,31.8,9.6
04019004431,27.1,7.5
04019004511,32.3,11.2
04021941401,39.8,16.7
04025000502,44.4,14.1
04019004726,36.3,9.3
04019004512,38.3,14.1
04019004428,39.5,11.1
04025000617,44.8,15.9
04019004425,39.7,13.1
04021000309,48.1,18.5
04025001604,31.6,9.7
04019004624,30.6,9
04019004642,40.2,10.3
04025001202,37.9,10.5
04021000223,29.3,9.4
04027011000,42.5,18.4
04023966106,35.1,16
04025000205,37.3,11.6
04025001003,40.2,13.4
04021001712,32.8,11.6
04027000908,26,8.9
04021002004,36.7,18.2
04025001300,24.6,7.5
04027011202,44.9,20.3
04021001500,38.5,18.6
04021000802,46.6,16.8
04021002105,38.3,14.2
04021001715,32.5,11.3
04019004646,29.8,8.6
04025001602,38.8,13.4
04021001403,39,16.5
04019004424,37,13
04025001403,43.4,13.9
04025001803,37.6,11.3
04019004723,32.5,8.6
04025001104,38.8,11.5
04019005200,41.1,13.8
04019004430,29.8,9.5
04021000323,45.8,15.6
04025000804,39.7,11.4
04021002300,40,15.2
04025000501,31.7,10.2
04019004643,49.4,13
04023966301,35,16.5
04021001714,30.5,10.6
04025001401,44.2,16.8
04021000311,42.1,14.1
04025000902,35.8,10.7
04027001004,37.2,16.9
04019004718,33.1,8.7
08029964900,35,11.8
08123001500,28.7,8.9
08123002209,29.7,8.7
08001009752,26.9,10.6
08031000401,19.2,6.5
08001009318,27,11
08001009501,27.4,10.6
08001008309,27.8,12.1
08001009327,30.2,10.2
08001008535,22.7,7.6
08019014702,27.5,7.7
08013013211,22.2,7.4
08005082100,29.1,10.5
08005086002,24.7,7.7
08031001302,22,9
08005080300,29.1,8.7
08005081002,29.4,11
08013013006,22.2,6.9
08005005614,29.8,8
08005082800,29.2,9.7
08005080700,32.6,11.5
08005005626,29.4,8.2
08031001500,24,10.5
08001009406,27.6,9.2
08005005634,33.6,9.1
08031001707,20.4,6.3
08001008100,26.4,8.6
08013012903,23.2,6.8
08013012206,17,5.5
08029965002,38.4,12.4
08005006000,26.6,7.8
08001008546,26.2,8.5
08005081200,30.7,10.9
08005006860,27.1,7.4
08005005623,28.3,7.3
08001009553,27.8,10.6
08005006857,28.9,7.7
08014031104,13.4,3.1
08014031403,19.8,5.4
08014030500,25.6,7.6
08013012603,21.5,6.2
08031001000,25.6,11.9
08005005631,28.3,7.4
08013013507,24.6,9.2
08013061300,18.4,5.6
08005006708,26.9,7.1
08001008550,27.2,9
08003960201,32,12.8
08005006711,28.4,7.7
08001015000,31,12.1
08013013208,28,8.9
08013012107,22.8,7.4
08005007103,29.2,8.7
08005007201,29,10.9
08025969601,32.1,11.8
08031000904,27,12.7
08027970102,40.7,14
08001060200,23.2,6.8
08031000903,23.6,10.7
08005004952,17.1,4.5
08005006808,27.1,7.2
08017960600,34.1,11.2
08005082300,26,8.6
08005006863,20.5,5.8
08013013508,23.2,7.6
08031001603,17.3,5.2
08001007900,28.7,11.5
08001008308,31.4,13.4
08001008401,30.6,10.2
08005006854,24.5,7.3
08005007704,27.8,9.2
08001008533,24.1,7.9
08014030400,26.5,7.5
08013013706,25.1,7.6
08005005620,29.3,8.1
08007974202,33.7,10.8
08005007500,30.7,11.8
08001008507,29.7,10.1
08005006603,30.7,8.8
08005085000,25.5,8
08003960100,36.5,14.2
08001008538,22.4,6.7
08005007113,22.3,6
08005007101,31,9.7
08031002705,16.1,4.5
08031002300,21.7,7
08005006707,26.8,7.2
08005083800,27.4,8.1
08013012801,21.3,6.6
08005085600,26.3,7.6
08013013210,23.1,8.7
08014030000,24.5,7.2
08013013305,22.4,7.7
08005086200,23.5,6.8
08015000100,31.2,9.9
08001009322,26.4,10.1
08029964700,39.6,12.6
08005084700,25.6,7.4
08014031401,44.8,12.7
08005007600,28,10.3
08015000403,35.9,10.8
08005083600,25.8,7.9
08031002404,18.5,5.7
08005080900,30.9,11.2
08005086500,27.5,8.2
08005080200,28.8,8.8
08005005628,26.9,7
08014031101,12.1,2.7
08013060801,19.9,6.9
08001009751,27,10.5
08013013205,24.6,7.6
08005086300,22.2,6.4
08001008548,22.3,6.8
08001008560,28,8.4
08001009608,27.7,9.5
08001009408,26.3,7.6
08001009202,27.8,10.7
08005086700,24.3,6.6
08001008605,29.2,10
08005083000,27.1,8.4
08001009308,26.9,10.5
08005082600,25.5,8.3
08031000202,22.4,8.5
08005086900,28.2,9.4
08001008709,30.7,13.6
08001008505,30.2,10.6
08001008000,26,9.5
08001009326,29.1,8.8
08013060802,21.9,8.4
08031000902,23.7,10.1
08001009306,30.1,11.8
08001008544,23.5,7.1
08001009502,24.9,9
08001008534,26.5,8.8
08023972600,37.8,15.7
08005083400,28.1,9.3
08013060700,23,7
08031001705,13.5,3.3
08013012204,18.2,5.8
08013013308,26.5,9.1
08013012106,21,6.2
08005005701,22.2,6.4
08013012608,18.9,5.9
08013012705,17.7,5.2
08013012101,22.1,6.4
08005087301,22.8,6.6
08005006400,26.6,7.9
08013012208,17.6,5.3
08005006864,20,5.1
08005005621,31.3,8.3
08031001301,22,9.3
08005086400,30.9,8.6
08031000501,20.1,5.9
08029964800,36.1,12.7
08005083100,28.3,9.5
08001008564,29.5,9.7
08005081001,25.6,8
08001009316,33.1,14.7
08005006815,22.4,6.3
08014031402,18.3,5.4
08005082400,32.6,12.4
08014030300,29.8,9.5
08005084600,26.4,8.1
08001008706,28.9,12.2
08005085900,22.9,6.6
08001008563,22.4,6.9
08005007400,27.2,10.6
08013012510,24,7.1
08001009304,27.8,9.6
08001008802,27.1,10.9
08001009001,29.7,12
08001007801,34.2,16.2
08001008549,23.1,7.6
08013012511,15.3,4.4
08001009401,27.5,9.3
08001008547,24.8,7.8
08013013503,21.8,8.4
08005005611,29.5,8.1
08005007110,23.6,6.8
08005084100,27.6,8.8
08013012207,19.7,6.5
08031000102,18.7,5.6
08013012701,23.1,6.9
08005005551,29.7,11.5
08013012508,17.5,5.2
08029965202,41.5,12.8
08001009003,26.7,10.2
08013013004,21.3,6.6
08011966701,39.1,17.3
08031001901,20.4,7.7
08025969602,34.1,12.4
08001009204,24.8,8.9
08005080500,30.9,9.2
08013013402,22.4,7.8
08001009604,35.1,13.7
08005080100,33.4,12
08014031102,21.1,5.5
08013013201,27.4,9.5
08005081101,29.5,10.4
08013012707,26.2,9.4
08021974800,34,15.2
08005086801,26.8,8.1
08005081700,28.3,8.1
08005085700,24.4,7.6
08013012105,20.9,7
08021974900,34.3,14
08031000705,20.6,7.4
08013012501,19,5.6
08005085300,27.4,8.2
08005005624,32.5,9.1
08013013307,24.8,8.5
08005007702,28.7,9.8
08001009101,26.5,9.7
08005005632,26.5,7
08005080000,27.3,9.1
08014030700,25.6,7.5
08001009603,27.3,9.7
08029965201,42.9,15.1
08005005635,32.3,8.4
08005006601,24.7,7.5
08005006709,26.2,6.9
08005015100,29.9,8.2
08005007202,26.8,10.2
08031000704,17.4,5.8
08005005627,29.4,7.6
08005006859,20.6,5.5
08001008524,25.4,8
08005007106,23.7,6.7
08001060001,23.6,6.7
08031002706,13.4,3.3
08013012401,15.1,4.8
08014031000,24.2,6.9
08001009407,28,10.2
08001008354,26,8.6
08013012103,21.7,6.3
08009964700,37.8,13.3
08001008606,28.7,10.9
08031001601,12.1,3.1
08005087302,29.3,9.6
08001009323,26.2,9.2
08031000303,16.4,4.5
08001008565,31.3,11.2
08001008801,28.4,12.1
08005005619,28.6,8
08031000703,20,6.5
08031001401,28.9,13.7
08027970101,36.7,11.2
08001009409,29.5,8.7
08013013302,26.6,9.1
08001008553,29.5,9.5
08001008557,32.3,11.7
08001008561,34.9,10.5
08013013705,24.6,7.9
08019014701,30.4,8.5
08003960202,25.6,9
08005080800,26.7,9.5
08005080400,30.6,9.3
08031001706,17.2,5.1
08013013602,28.9,9
08031001703,14.7,3.5
08001008506,26.7,9
08029965001,36,11
08001009309,30.9,11.9
08013060900,20.4,6.4
08013013506,24.6,8
08013013003,22.8,7
08013012710,25.5,7.7
08005087200,25.4,7.5
08013013207,24.3,7.7
08031000302,18.7,5.4
08031002604,26.7,9.8
08031002101,15.4,4.4
08005005629,29.9,7.9
08005086600,33.2,9.1
08013013306,24.6,8.9
08013012904,23.3,6.9
08005086100,23.6,6.8
08005082900,25.7,8.1
08019014900,30.7,9.8
08005080600,27.7,8.7
08005085500,27,7.7
08005083202,24,7.2
08001061200,23.7,7
08014031103,26.4,7.4
08005085800,27.7,8.3
08013013215,19.2,6.2
08005081300,26.7,8.6
08005085100,24.3,7.2
08001009206,24.5,8.1
08005083201,23.9,7.1
08001008536,25.7,8.4
08005006604,29,8.6
08001008551,24.7,7.7
08001008540,24.5,7.7
08005006712,31.3,8.1
08005086802,25.8,7.8
08005083500,30.9,11.1
08005006861,24,6.7
08005005636,30.1,7.7
08031002102,15.4,4.2
08031002405,21.7,7.1
08014030600,23.2,7.3
08001009606,25.8,10.1
08005083300,28.9,8.8
08013012205,16.2,5
08001008508,27,9.2
08005006100,24,6.8
08031000503,26.8,9.3
08005005630,27.8,7.3
08013012300,9.3,2.1
08001008526,25,7.6
08005086001,23.5,6.8
08005082200,28.7,9.6
08001009607,27.8,10.2
08001008604,26.3,9.3
08005082700,29.7,10.4
08031002402,23.7,8
08031001102,11.8,2.9
08031000201,22.5,8.6
08005005553,27.5,9.4
08005084200,26.9,8.7
08031002603,12.6,3.1
08031001602,10.4,2.4
08005006713,15.6,3.9
08029964600,38.1,12.2
08014031300,25.5,7.2
08005085400,25.7,7.2
08015000402,33.3,11.9
08005980000,30.8,8.7
08003960000,33.7,11.9
08005007302,31.8,13.6
08001008901,27.1,11.1
08013013601,25.5,7.9
08014030900,28.2,8.1
08013012505,22.2,6.5
08005081800,26.8,10.5
08031001101,17,5.8
08013061400,18.6,6
08001008705,34.7,16.3
08001009203,21.6,7.7
08013012609,14.8,4.4
08014031201,17.5,4.6
08031000905,21.6,9.1
08005087100,30,9.3
08013012509,22.9,6.6
08014030800,22.1,6.5
08001008556,22.5,7.1
08001008355,28.6,10.8
08013012201,23.4,7.5
08013012605,15.2,4.8
08005007703,31,11
08001009104,22.7,7.9
08005005633,27.8,7.3
08013013214,20.1,6.3
08001009320,27.6,11
08031001800,18.8,6.4
08005084300,25.2,7.5
08001008562,25.2,8
08013013401,22.4,8.5
08031001704,30.3,10.6
08005005625,26.1,7.2
08005005612,27.1,7.6
08031000301,18.9,5.4
08005007108,20.1,5.7
08001008558,22,6.9
08031002000,17.4,4.8
08001008603,31.2,13.9
08005006200,24.6,6.8
08001009207,25.9,9.7
08001009310,27.1,10.5
08013012610,16.4,5.2
08001008554,31.3,9.8
08005006704,28.9,7.4
08007974400,38.4,13.3
08005081900,32.8,12.8
08005007301,24.4,8.4
08013013703,25.2,7.5
08001009004,26.1,10.1
08001009325,26.2,7.9
08001009410,32.5,9.7
08005005800,24.4,6.3
08013013505,25.4,10
08005087000,24.3,7.5
08001060002,25.5,7.7
08013012905,24.8,8.2
08013012507,17.4,5.5
08003960300,29.3,12.7
08029965100,35.7,12.4
08019014800,30.4,9.4
08015000300,34.9,10.6
08005005622,24.4,6.1
08031000600,11.8,3
08005085200,27.8,7.7
08001007802,34.3,15.8
08007974201,32.1,9.4
08005082500,30.4,10.1
08005084000,26.9,8.5
08005005552,33.5,12.2
08001008545,27.7,8.6
08005081600,31.5,9.9
08005006501,23.5,6.6
08031002707,17.3,4.7
08013060602,21.9,7.1
08005084500,24.5,7.2
08005006502,28.9,8.4
08005005951,30.8,9.1
08013013202,29.5,9.6
08013012709,27,8.8
08001008402,29.5,9.2
08031001402,25.8,11.7
08005083700,32.1,9.3
08001009103,27.4,11.6
08001009411,26.7,7.8
08005006706,26.3,6.8
08007974300,36.2,12.5
08005006705,30,8
08014031202,22.7,6.5
08023972700,40.1,19.4
08031000800,30.5,14.8
08005006300,25.8,7.2
08005005702,18.9,5.3
08001009319,30.1,13.1
08001008552,25.7,8.7
08013012907,21.3,6.7
08014030100,27,8.2
08005084800,25.5,7.6
08005081400,31.4,9.8
08005007112,21.4,6
08031000706,18.1,6.4
08015000404,32.6,10.2
08005083900,28.1,8.5
08001008555,25.2,8.1
08031002602,16,4.4
08005006862,29,8.1
08013013212,22.9,7.1
08007940400,39.2,14.3
08031000404,12,2.9
08013013704,26.6,8.4
08014030200,19.2,5.3
08001060100,24.8,7.7
08005081102,31.8,11.8
08005081500,51.8,15.7
08015000200,33.8,10.6
08005005952,23,6.2
08013012802,21.7,6.5
08013060601,16,4.8
08001009321,27.6,11
08001008200,28.3,10.8
08005082000,26.2,9.1
08013013005,21.4,6.5
08009964600,38.2,13.5
08005007111,23.7,8.5
08031000504,16.1,4.6
08005084400,25.5,8.2
08005004951,17.8,4.7
08005084900,29.3,8.5
08031000403,17.8,5.2
08031002704,16.4,4.8
08013012104,27,8.5
08031001403,15.3,4.3
08013012708,23.9,6.9
08005007109,26.8,8.4
08001009307,27.2,10.2
08011966702,38.3,15.1
08001008559,25,8.7
08041006901,24.7,7
08041003708,28.3,8
08059010212,27.9,8.8
08041004513,29.9,10.4
08041001902,33.8,12.8
08041000500,28.8,8.1
08059009846,30.5,8.5
08041007700,27.7,8.4
08043979100,37.7,13.7
08041003906,29.6,8.8
08041004502,27.2,8.7
08035014131,32.4,8
08041007104,27.5,7.8
08041004009,25.5,8.6
08059011710,26.4,7.8
08035014112,27.4,7.2
08031005001,27.2,9
08041005124,23.1,6.8
08031004309,19.7,5.6
08041006600,31.8,9.4
08031003703,17.1,4.9
08037000402,23.4,8.1
08059010206,28.6,8.5
08035014005,23.4,6
08059010308,24.1,6.7
08041001901,31.4,10.1
08031004104,24.9,7.9
08035014126,25.6,6.8
08041006501,29.2,11.5
08059009835,29,8
08031004602,26.3,12.4
08041005202,32.2,11.2
08043980200,28.8,10
08035014144,22.6,6.1
08031005104,24.5,8.1
08045951804,29.9,9.5
08035014123,26.9,7.3
08041007203,30.3,8.4
08059011731,23.6,6.8
08059011723,23.5,6.6
08059010902,27.2,9.3
08041002901,35,14.2
08059010604,27,8.5
08041005115,22,6.4
08045952001,24.1,8.3
08035014602,32.1,8.7
08031003101,20.3,5.9
08031004504,25.1,12.5
08031004113,16,4.3
08031004002,24.4,6.5
08031003603,22.3,7
08041006302,25.1,8.7
08041005120,25.4,7.6
08031003205,17.7,4.7
08059010306,29,8.5
08059009854,27,7.1
08031015500,15.1,4.4
08059009831,16.3,4.4
08031004108,18.3,5
08059011726,30.1,9
08041004702,25.9,7.5
08031008388,18.5,6.5
08041003402,34.9,10.3
08041003710,25.9,7.3
08045951701,24,7.4
08035014017,27.8,7.6
08059009842,28.3,7.8
08031004306,22.3,6.3
08049000205,28.4,8.3
08059011551,27.8,9.2
08039961208,28.7,8.3
08035014010,23.5,6.4
08031007090,26.8,8.8
08037000701,19.2,5.4
08031004102,29.6,11.3
08059009850,30.2,8.1
08031005503,26.6,9.1
08041005400,30.8,11.9
08041005502,30.2,10.7
08059009901,21.1,6.3
08041004602,34.4,11.6
08035014203,28.4,7.5
08031003901,26.6,7.4
08031004404,26.1,10.4
08059010100,25.9,7.9
08041002402,30.2,9
08041004708,24.9,7.2
08041003911,31.8,9.5
08059011712,29.6,8.3
08037000405,23.1,7.1
08041004506,33.7,11.8
08035014407,33.9,10.1
08041002700,31.9,10.8
08059011101,30.6,10
08041007603,26.4,7.7
08041000102,31.6,9.8
08031003701,19.6,5.5
08031002805,13.7,3.3
08041003706,28.6,8.2
08041004707,23,6.4
08035014108,27.4,7.2
08031004308,16.6,4.5
08035013915,30.7,8
08059011601,29.6,11.2
08041003912,23.9,6.8
08051963800,23.2,6.3
08031005300,26,7.5
08041005112,25,7.9
08045952004,26.7,8.8
08035014139,29.3,7.7
08035013905,23.7,6.1
08031004407,20.2,5.9
08043978300,31.2,10.2
08041001302,29.5,9.2
08037000703,21,6
08031015800,20.7,7
08041004519,24.8,7.9
08059009833,29.4,9.6
08031004403,20.4,6.7
08059009840,31.1,9
08041004501,26.7,8.8
08035013911,26.3,6.9
08035014013,23.4,5.9
08059009824,24.4,7.2
08041003308,22.1,6.8
08031006814,26.9,9.7
08049000207,28,8.3
08031004302,20.9,5.8
08041002501,32,9
08031004005,17.7,5.2
08041002000,30.5,10.2
08031006818,24.1,7.6
08043978600,32,11.6
08031007091,47.8,16.4
08059011402,26,8.8
08059009838,28.1,7.8
08059011102,28,10.3
08041001301,31.1,9.8
08059009847,28,7.5
08041003711,33.3,10.4
08059011602,29.2,10.8
08059010213,28.5,9.3
08041003802,14.7,2.4
08035014127,29,7.5
08059011709,28.1,8.8
08031011903,25.5,8.6
08041003702,31.3,8.8
08059009829,24.4,6.9
08031008389,21.9,7.7
08059010701,32.4,10.3
08041007502,30.2,8.7
08031004601,23.8,9.9
08031012016,22.6,7.4
08031007013,24.1,7.5
08031008312,25.1,10.3
08031007006,18.6,6.4
08059009852,30.5,8.7
08041002502,30.2,9.2
08031006810,25.4,8.3
08037000200,22.9,8.7
08059010304,28.2,7.9
08031002708,14.5,3.9
08041003001,27.5,8.6
08041003305,31.4,9
08031003002,20.3,5.5
08031003006,18.6,4.9
08041007301,27.6,7.6
08031002804,18.4,4.6
08041005114,27.9,9.5
08041004520,31.2,10.5
08041005900,30.3,9.4
08059009855,21.7,5.6
08035014142,33.3,8.7
08041005117,29.3,8.8
08039961204,28.8,8.7
08059010801,30.4,8.6
08035014006,23.7,6
08041007105,23.2,6.4
08035014143,24.6,6.5
08041001800,30.6,9.2
08041000900,28.2,8
08041004200,30.7,10.2
08035014141,27.8,7.4
08035014206,32.2,8.9
08041007106,24,6.5
08041000203,27.6,8.8
08031004103,23.7,7
08041000104,35.3,10.9
08031003902,21,5.8
08035013914,30.4,8
08031012010,24.2,7.3
08041002401,38.1,11.6
08041001400,30,9.2
08059010205,32.9,9.3
08031002802,14.7,3.8
08031002902,18.6,5
08035014208,26.3,7.2
08041004100,31.3,10.8
08041007900,38.4,11.1
08035014110,24.7,6.6
08035014125,25.2,6.4
08059009806,28.4,7.8
08041006301,28.2,9.9
08031003502,24.7,12.2
08043978100,33.1,11.3
08035014015,23.8,6.6
08039961206,30.5,9.1
08041005700,30.1,9.2
08035014132,24.5,6.4
08035013904,25.7,7.1
08045951803,24.2,7.5
08031003300,20.6,5.5
08059009827,24.8,7.4
08043978400,37.2,13.7
08031008390,23.9,9
08049000203,26.3,8.2
08041007402,30.2,8.6
08035014113,25,6.6
08041007302,30,8.6
08059009836,30.2,8.8
08037000505,22.7,7.2
08035014109,33.7,8.4
08041006200,29.8,10.7
08051963601,27.6,7.7
08059010504,31.4,8.6
08041003303,33.8,11.6
08041004403,11.4,2
08059011732,20.1,5.8
08031008387,24.7,10.6
08035014008,22.4,5.8
08059010405,24.4,7.4
08041007801,31.9,10.1
08041004603,22.8,6.7
08059009853,24.6,6.6
08041004402,9,1.2
08039961209,30.6,9.2
08059009823,25.5,7.4
08059009841,31.1,9
08049000206,33.8,9.9
08059010503,32,9.8
08059011733,22.7,6.5
08041006802,27.6,8.2
08059010001,24.1,7.2
08059011711,28.4,8.7
08037000702,24.3,6.9
08031004303,24.1,6.4
08041007103,26.2,7.6
08041004406,17.3,4.2
08031006701,14.6,3.7
08031004406,23.1,6.4
08035014408,31.3,8.2
08041006000,31.6,11.1
08041005602,30.2,9.2
08031004006,21.1,6.3
08031004603,23.1,9.1
08035014603,21.6,5.5
08031003501,24.7,11.5
08059011727,31.1,9.2
08041005123,34.4,11
08059010502,30.9,9.6
08059010402,28.2,9.3
08045951600,27.3,9.4
08035014205,25.8,6.6
08041005119,23.9,6.9
08059009834,27.3,8.4
08035014124,24.9,6.5
08035014503,27.8,7.6
08031004505,27.1,14.1
08031005200,22.8,6.6
08031005003,25.5,8.2
08041005800,32.3,9.7
08041005201,30,11.2
08037000404,28.9,10.9
08059010211,32.7,10.3
08059009858,31,8.9
08055960600,36.6,15.8
08031008306,28.4,12.4
08059011730,24.9,7.6
08041001104,29.9,9.6
08059009845,32,8.8
08031980200,17.4,5.4
08041004518,25,7.6
08035014135,25.1,6.3
08041002101,30,9.8
08045952100,29,9.7
08059010603,27.6,8.4
08059011202,25.4,7.7
08031004310,22.5,6.4
08059011701,30.1,9.1
08031004201,22.3,6.2
08041004008,14.2,3.2
08041007206,28.6,7.9
08035014140,27.3,7.5
08031004004,24.4,7
08059011721,26.4,7.2
08035014145,21.9,5.8
08051963900,32.7,9.9
08041006400,29.6,11.1
08035014404,32.3,8.4
08043980300,26.9,9.5
08041005501,28.7,8.7
08041003801,14.2,3.3
08041000301,33,11.3
08041008000,27.7,8.6
08041007602,31.1,8.7
08031015300,19.6,5.7
08041006701,33.7,10.3
08059010307,27.7,8.5
08035014114,27.6,7.8
08035014128,25.1,6.6
08031008304,26.1,11.4
08041007604,25.8,7.2
08031007037,25.4,9.5
08031006902,24.7,8.3
08031003003,13.5,3.6
08059011708,28.8,8.6
08041003712,31,9.6
08059011401,26.3,9.2
08041005116,28.7,8.9
08041005110,27.6,8.9
08035014007,21.9,5.9
08041002902,31.4,12.1
08035014016,23.3,6
08041001000,32.5,9.3
08041004706,25.2,7.4
08041003707,27.4,7.9
08031008386,23.5,10.3
08031002709,13.3,3.3
08031006815,20.6,5.5
08041004800,29,9.1
08031012001,30.2,9.5
08043980100,32.8,12.3
08041001700,28.4,9.5
08051963701,23.9,7.1
08041002300,35.7,13.1
08059010305,25.3,7.6
08049000100,30,9.7
08059009851,30.1,8.7
08041002200,29.5,9.9
08035014107,28.3,7.5
08059009857,25.5,7.4
08059009830,26.9,8.2
08057955600,37.9,13.2
08031006903,30.4,10.1
08041004404,16.1,3.7
08031004503,25.6,12.9
08055960901,38.8,13.2
08041001600,16.5,4.4
08059010403,27.6,9.2
08043979002,38.6,13.4
08037000401,23.2,7.5
08043978200,33.3,12.2
08031004801,23.5,8.3
08059009848,32.7,9
08031012015,21.2,7
08037000504,23.4,9.3
08035014300,34.5,9.8
08031003801,28.9,9
08041000800,33.1,11
08031003202,21.1,5.9
08041002102,31.3,11.5
08059011552,27,9.7
08059011803,26.8,9.5
08035014009,21.2,5.4
08037000600,22.3,7.2
08037000301,22.7,7.7
08045952003,25.1,7.7
08035014138,24.1,6.3
08035013912,28.6,7.9
08031005502,24.5,9
08039961207,30.2,9
08035014504,26.4,7.3
08041003401,34.1,10.3
08059009832,27,8.3
08059009856,26.8,8.8
08041005000,32.2,11.8
08041004703,29,8.8
08059011300,22.8,6.7
08059009839,27.4,8
08041004902,31.6,9.5
08031004111,16.9,4.7
08051963702,18.2,5.4
08037000100,20.6,7.4
08031002801,15.6,4
08031015400,20.1,6.6
08059010901,29.8,9.5
08059010406,24.6,8.5
08041005122,23.1,6.6
08041007401,30.9,8.6
08045951902,26.2,8.3
08031002901,14,3.4
08049000204,26.9,7.9
08043978800,33.3,11.4
08041006801,27,8.2
08041003910,32.4,10.2
08035014134,23,5.9
08051963602,29.5,8.9
08041007501,31.4,8.8
08041006502,27.7,10
08043978500,35.6,12.6
08039961100,33.8,10.6
08041004516,27.8,9.1
08043979400,36.2,13
08035014405,24.2,6.3
08035014146,22.4,5.9
08041004515,23.3,7
08059011702,29.4,9.1
08041004512,27.1,8.7
08031008305,25.1,11.4
08041003713,30.6,8.8
08059010303,29,8.3
08033000100,36.4,12.1
08059011720,28.9,8.2
08059009828,31,9.3
08041004901,30,10
08047013801,30.7,9.6
08059010702,24.4,8.1
08043979001,39.4,14.3
08031015600,23.8,10.5
08041004507,32.2,10.8
08059011729,25.8,8.2
08053973100,34.2,10
08041001500,28.7,8.9
08041003100,34.3,9.1
08041007802,27.5,8
08041000103,28.7,9
08031006816,25.4,8
08035013907,24.7,6.5
08037000501,26.4,8.5
08031003402,21.7,5.9
08059009815,26.6,7.4
08041007000,25.9,7.2
08031006812,25.7,7.6
08041000600,33,10.8
08035014014,20,5.2
08031003004,15.1,4.1
08041004701,31,10.1
08041005300,27.8,9.5
08041001101,34,12.3
08031007088,22.4,6.9
08041003913,33.8,10.4
08031008391,24.7,9.8
08041000302,34.5,12.6
08035014409,26.3,7
08041003705,29,8.3
08031004700,24.3,9.8
08031004110,19.2,5.9
08059011728,32.4,10.3
08059010210,30.4,9.1
08031003802,23.9,6.5
08031004112,20.1,5.6
08035014129,24.4,6.3
08031004101,25.8,9
08031004003,21.5,6
08041005113,25.1,7.5
08041003306,30.8,9.4
08041006100,27.3,10.1
08031003203,23.3,6.2
08041005118,26.1,7.8
08035014207,24.4,6.5
08041004405,15.9,3.6
08041004517,25.7,8
08045951802,27.9,8.6
08035013913,31.1,8.6
08031003601,19.8,7
08041006702,30.7,9
08031006817,27.7,8.5
08035014115,29.1,7.8
08035014604,23.1,5.8
08059010208,27.6,8.5
08041005125,29.1,9
08059010209,29.5,9.9
08041003914,25.4,7.1
08041005601,30.1,9.2
08031006804,19.7,5.3
08045951901,26.9,8.9
08031003702,17.1,4.7
08031003401,24.2,6.5
08059011725,28.8,8.1
08031005102,21.3,6.1
08041002801,36.9,14.9
08031004109,15.7,4.3
08037000502,20.9,6.3
08031011902,22.4,7.8
08035014133,23.3,5.9
08041000700,30.6,9.8
08059011724,26.3,7.5
08035014011,21.7,5.5
08035014505,29.5,8
08031004506,23.7,11.1
08055960902,39.9,13.1
08031003005,15.5,3.9
08031005004,25.6,8.5
08035013909,29.1,7.7
08037000302,27,8.6
08047013802,30.1,9.2
08041007205,21.4,5.9
08059011000,30.2,9.6
08031004307,20.7,6.3
08031004202,23.1,6.8
08041004601,30.8,9.5
08043979200,37,12.1
08031015700,22.5,8.4
08031003602,24.9,9.7
08059009807,30.9,9.2
08031003102,19.6,6.2
08035013910,25.2,6.6
08041000400,33.9,9.8
08031003204,13.4,3.3
08041007204,29.5,8.6
08041003307,28.8,9.2
08031006813,25.1,8.3
08041002802,24.2,7.5
08041003905,25.8,7.5
08045951702,27.7,9
08041004514,21.5,6.2
08041003002,29.3,9.3
08041006902,26,7.8
08035014506,27,7.1
08041004300,28.8,9.3
08035014116,18.7,4.6
08041005121,24.1,7.2
08035014130,23.2,6
08039961205,32.4,10.1
08041000202,29.4,9.2
08059009837,25.8,7.2
08035014410,23.9,6.1
08059012047,26,7.8
08123001905,29.1,12.2
08101002600,37.8,18
08087000100,36,12
08123002019,25.3,8
08071000800,31.4,10.8
08059012051,30.5,8.6
08101002200,35.2,16.2
08059012043,25.2,7.1
08101003004,29.4,9.6
08117000404,28.1,8.5
08101001200,35.8,18.2
08059012038,26,7.6
08069002803,25.6,8.1
08077001702,33.9,10.6
08077001502,31.3,9.3
08083969301,33.2,11.1
08117000203,22.2,6.2
08123001006,32,13
08123001406,26.9,9.1
08105976700,35.3,14.8
08069002805,34,9.9
08067940400,30.9,10.4
08117000202,24.3,8.7
08091967602,32.1,9.5
08123001412,32.9,10.9
08083969600,36.5,13.5
08067970703,27.3,8.4
08121924100,34,11.3
08077001403,30.2,8.6
08077000700,27.8,9.5
08077001102,32.9,10.4
08065961701,23.8,7.2
08123001415,28.7,9.4
08107000300,27.5,8.1
08067970900,25.9,7.8
08107000701,24.5,6.7
08117000102,27.3,8.7
08101001100,35.4,17.7
08085966501,36.8,11.9
08059980400,31.9,10.6
08069001111,28.1,8.5
08101002917,29.6,9.4
08069002300,27.3,7.5
08123002008,25,7.1
08123002101,23.9,7.6
08069001602,23.5,6.4
08101003600,36,15.6
08069001008,24.7,6.9
08069001107,21.1,5.7
08123002006,32.5,10.1
08123002502,30.9,10.6
08085966302,29.2,10.4
08069001605,18.3,4.7
08077001706,29.3,10.4
08077001900,34.8,10.9
08081000500,29.6,9.5
08069000700,17.8,4.4
08123001003,28.2,12
08081000600,42.2,16.4
08101002913,33.3,10.9
08077001705,30.3,10.6
08113968101,23.4,6.7
08059015900,26.6,9
08069000201,18,4.9
08059012058,31.2,9
08069001807,30.4,9.2
08069000901,24,6.6
08069001114,31.1,8.2
08123002105,25.1,7.7
08101003104,35.3,12.7
08069001608,23.5,6.5
08077001504,28.4,8.8
08107000800,26.5,7.4
08069001811,32.6,9.1
08075966300,36.2,12
08093000500,41,14.2
08123001411,29.9,9.5
08089968000,36,12.7
08103951200,28.1,8.5
08101002911,32,10.5
08073961800,36.8,12.5
08101002922,28.6,9.2
08077001104,31.5,11.3
08069001712,30,8.5
08077000802,30.7,10.7
08123001910,34.6,14.9
08123002210,22.6,6.2
08069001307,26.4,7.2
08069001606,22.2,6.1
08123000900,27.8,9.6
08095967700,35.8,11.5
08069001714,25.3,6.7
08097000404,27.8,8
08101000902,29.4,11.3
08069001010,34.4,9
08085966202,31.1,11.1
08069001003,23.4,6.8
08069001306,21.2,6.6
08069002005,28.2,8.9
08107000703,28.3,8.2
08085966502,33.5,10.4
08059011804,31.6,10.9
08083969100,31.3,9.8
08069001708,23.7,6.5
08125963200,33.1,12.3
08121924200,31.6,10
08089968600,33.6,14.4
08123001405,22.6,7.4
08099000700,36.4,14.8
08085966601,31.9,11.3
08117000301,26.8,7.7
08083969302,31.3,9.9
08101000400,31.7,12.4
08117000103,25.6,7.5
08069002507,26.3,7.8
08077001703,33.5,11
08059012027,32.2,9.3
08069001713,25.6,7.3
08115968300,37.3,12.7
08083941100,33.8,16.3
08105977002,30.4,10
08123001202,29.4,9.6
08069002504,30.2,9.3
08071000200,31.8,11.4
08069000100,23.3,6.8
08069002602,26.9,7.4
08123002015,23.9,7.1
08059012035,28.5,7.7
08123002208,23.8,6.8
08123001409,27,8.8
08123001408,35,11.3
08101002100,35.3,17.1
08119010112,35.7,11.3
08123002018,25.6,7.5
08069001104,22.5,6.3
08123000100,33.1,14.5
08123001909,30.5,11.7
08101002912,29.8,10.6
08105976800,34.5,13.1
08077001302,32.2,9.8
08069000600,12.1,2.1
08101003106,36.8,14.8
08101002808,30.7,10.2
08069001905,31.6,8.8
08097000403,25,6.7
08065961702,23.7,6.9
08087000500,30.8,11.5
08069000503,16.9,4.6
08077001103,30.3,9.4
08059011951,29.3,9.6
08085966402,32.7,10.5
08069002007,28.9,8.6
08059012032,30.1,8.4
08099000200,31.1,13.2
08101001600,34.7,11.9
08107000100,31.9,10
08123001906,31,12.3
08101000300,36.3,16.3
08069002601,31.8,9.3
08059015800,28.5,8.5
08113968200,33.4,11.1
08059012054,29.3,8.4
08077000500,20,6
08085966100,38.9,13.7
08119010110,31.8,9.6
08069000402,22.4,6.3
08069000802,29.7,8.8
08123000704,22.3,8.4
08059012044,24.2,6.8
08123002004,26.9,9.6
08101000800,35.7,17.4
08075966200,31.2,11
08101002300,32.2,13.7
08059012055,28.7,8.4
08059012031,29.5,8.3
08067970705,34.1,11.7
08123002009,22.5,6.2
08101002807,31.1,11.3
08071000500,35.4,14.6
08067970601,36.5,13.1
08123002020,24.2,7.4
08093000102,31.5,9.8
08059011904,25.6,7.9
08069001812,27.8,7.5
08101001900,29,10.9
08059060400,22,6.4
08119010109,33.9,10.1
08101001700,34,12.3
08117000406,22.4,6.7
08065961900,26.4,9.4
08059012024,28.1,7.8
08069002505,24.1,6.2
08093000300,27.1,8.1
08069002508,21.9,5.9
08089968100,42,22
08113968103,26.3,7.3
08107000400,25.2,8
08101002901,32.3,13.2
08123000402,27.4,10.2
08069001308,27.7,7.7
08123001201,27.2,10
08077001303,32.7,11
08101003500,42.4,20.6
08077001800,35.4,11.4
08087000200,29.4,9
08059012039,26,7.8
08069001304,31.9,13.1
08059012048,34.5,10.1
08117000405,22.9,6.5
08071000300,41.8,16.4
08077001404,33.8,9.4
08101003103,35.9,15.1
08123001800,29.3,10.3
08123001005,24.4,9
08067971000,25.3,7.9
08101001400,35.8,16.2
08123001700,30.9,11.5
08067971100,24.8,8.3
08125963100,29.4,9.3
08069002011,31,9
08069000902,22.4,5.9
08069001904,31.9,9.1
08069001009,26,6.8
08075966101,34,10.6
08085966401,46,16.3
08067940300,30.4,11.3
08069001112,26.8,8
08059012052,28,8.3
08087000300,33.8,12.6
08059060300,26.1,8.2
08077000602,27,9.1
08089968200,38.8,15.5
08123001414,27.3,8.9
08061960100,34.7,11.3
08059012059,28.1,8.2
08123000300,8.5,1.3
08077000400,29.8,9.6
08117000403,21.2,5.5
08123000600,33.3,15.4
08101002000,34.8,16.3
08101001000,32.1,14.5
08123002014,27.4,8.6
08103951100,32.3,10
08069001710,26.4,7.8
08123000401,29.2,9.8
08101003105,33.3,11.6
08077000300,28.8,9.3
08123002205,27.3,8.5
08085966301,31.1,11.1
08069001607,24.3,6.7
08077000801,29.5,10
08069001706,29.6,8.8
08069001106,22.9,6.6
08119010104,33.2,10.5
08069000202,21.6,5.9
08087000800,33.6,10.3
08093000101,29.8,8.9
08123001600,30.6,10.5
08069000504,17.7,4.8
08123001911,33.6,13
08113968102,24.7,7.5
08101003001,33.3,13.7
08069000401,22.8,6.5
08099000300,31.8,11.8
08123002016,29,10.2
08069001603,27.9,8.8
08069000505,20.5,6
08069001804,28.3,8.3
08107000600,26.4,7.7
08123002005,23.9,7.3
08123002108,28.1,8.9
08069000801,25,6.7
08123000703,27.7,12.7
08107000500,27.1,8.2
08069001808,34.8,10.3
08077001503,30,8.5
08069002804,34.2,10
08069002008,31.3,9.6
08077001200,34.2,10.7
08099000100,31.1,10
08071000100,38.3,16.1
08119010203,35.1,11.1
08123000701,31.4,15.1
08097000402,26,7.9
08101003200,33.6,12.2
08077000900,25.4,7.8
08123001300,29.4,12.6
08059012033,32.3,9.8
08101000200,29.6,12.1
08093000400,32.4,9.6
08095967600,33.7,12.2
08123001004,25.5,10.3
08123002021,30.9,9.7
08069002506,30.2,8.3
08077001600,32.3,9.2
08059012022,27,7.6
08123001416,33.2,10.9
08071000400,34,13.2
08069001707,28.7,8.9
08085966602,37.1,12
08073961700,29.1,9.4
08105977001,35.8,11
08063962100,31.9,11.1
08123001410,36.6,11.3
08089968500,34,11.5
08077001001,37.8,11.3
08123002007,25.8,7.6
08085966503,35.4,12.4
08101002916,32.6,11.8
08069001113,27.8,7.8
08101002500,33.8,14.7
08069001305,22.3,7
08069002503,32,9.7
08059012057,27.1,8
08099000600,34,12.8
08123002104,30.8,9.2
08059012026,29.1,8
08083969200,35.1,11.6
08059060501,23.7,6.4
08123001100,31.7,11.9
08101002923,30.3,9.8
08123002010,25.5,8.7
08123002203,25.2,7.4
08069000506,20.5,5.7
08101002802,36.6,13.9
08123001912,31.8,11.9
08101002801,32.6,12.5
08075966102,34.4,12.4
08077001304,31.5,11
08101002400,33.3,14.1
08059012053,28.8,8.3
08123001413,31.1,11.2
08087000400,30.8,10.3
08101000600,33.1,14.5
08085966201,32.8,10.5
08059011806,29.2,10.5
08117000201,27.9,9.3
08117000302,21.7,5.9
08059012060,23.4,6.6
08101001800,32.8,13
08101002700,32.2,12.8
08069002404,31.8,8.9
08069002700,27.8,8
08059012036,28.2,7.9
08119010108,32,9.5
08059012041,30.3,9.5
08069001109,23.2,6.5
08069000300,26.6,7.3
08123002017,29.5,9.1
08123002206,32.6,10.5
08089968300,34.3,13.1
08081000300,31.9,10.1
08069001004,25.9,6.7
08059012045,26.6,7.7
08059012049,29.8,8.6
08083969400,32.1,12.1
08123000705,34.7,13
08123002501,33.8,11.8
08123001914,29.4,9.9
08101000905,27.9,10.6
08093000200,29.8,8.9
08119010107,30.9,8.8
08069001813,28,8.1
08077000601,32.5,11.1
08109977700,33.5,15.5
08107000702,23.3,6.6
08069002010,32.2,8.9
08059011808,15.7,4.2
08101002915,29,9.9
08059012030,30.8,8.9
08123001913,25.8,9.3
08101000500,34.2,13.5
08123002012,26.8,8.1
08069001902,30.5,8.5
08059012023,28.4,8.4
08101002806,32.2,11
08069001711,26,7.2
08101002906,32.8,10.7
08059012034,32,8.8
08101000100,32.6,12.1
08123000200,16.7,5.2
08123002106,28.9,8.9
08101001500,34.3,13.4
08117000101,22.4,6.5
08123000501,33.9,18.1
08067970701,28.6,8.8
08077000200,26.9,8.6
08097000101,25.4,7
08069002801,35,10.1
08077001707,29.4,9.6
08123001404,31.8,12
08075966000,35.3,11.5
08059012037,28.9,8
08119010111,33.5,10.2
08087000700,33.2,11.4
08081000400,31.5,10.8
08059011807,22.7,6.5
08069001110,20.5,5.7
08123002013,25,7.5
08123002300,29.7,9.9
08123001407,23.1,7.1
08067970706,32.3,10.4
08069002403,31.4,8.7
08107000200,27.3,8.6
08077001002,31.3,9.1
08063962400,34.7,11.7
08101002914,28.4,10
08069001715,24.9,6.8
08059012046,27.2,8.2
08097000102,28,8.4
08069001007,25.5,7.2
08097000500,27.1,8.2
08089968400,35.2,12.6
08069001601,29,9.7
08111972600,31.9,10
08101002804,37.1,12.5
08123002011,23.6,7.2
08101002920,27.4,9.3
08083969000,35.5,12
08077001402,33.4,9.7
08067970800,21.3,6.5
08069002401,35.8,10.5
08069001901,29.7,8.8
08059012042,29,8.8
08123002207,23.8,6.8
08069001810,29.6,8.3
08059012050,26.7,7.8
08101000903,18.3,4.7
08101000904,35.2,13.4
08101002919,31.7,11.9
08123000800,25.7,9.9
08123000502,31.6,14.9
08123001417,28.1,10.1
08109977600,38.6,13.5
08075966400,30,9.4
08075965900,34,10.5
08123002204,30.3,9.1
08069001301,32.6,10.2
08091967601,36.9,11
08079973600,36.5,11.3
08067970602,27.8,8.7
08087000600,30.3,11.3
08101002921,28.4,9.7
08123002107,26.2,7.8
35001003001,36.4,13.2
35001000114,32.3,10.6
35001000127,34.1,11.5
35001000716,36.2,14.4
35001000704,33.2,11.5
35001001300,36.6,17.3
35001003729,33.5,9.3
35001000504,29.3,8.4
35001003733,33.6,13.6
35001000401,32.4,10
35001000601,35.4,11.8
35001003715,34.9,9.4
35001000204,32.7,11.1
35001000713,38.5,15.2
35001001102,32.6,10.9
35001000110,33.5,10.6
35001000605,36.5,15.1
35001003737,32.2,8.5
35001000115,32.3,10.5
35001003722,28.6,9
35001000112,33.9,9.1
35001002403,36.9,17
35001001500,31.6,11.9
35001003724,34.1,9.9
35001002000,28.7,10.9
35001000203,33.7,11.2
35001001101,33.5,9.9
35001000501,42.1,16.3
35001000908,38.4,17.8
35001000109,36.2,11.1
35001000718,33.9,12
35001003717,33,9.5
35001000116,32.7,9.5
35001001701,31.3,8.7
35001003728,30.3,8.8
35001000503,30.3,8.5
35001002302,34.8,15.1
35001000119,32.8,9.2
35001000905,38.3,15.8
35001001202,26.8,10.1
35001000712,35,12.9
35001000715,40.7,20.1
35001000118,30.7,9
35001000126,34.6,11
35001003707,37.4,13.2
35001000904,37.5,14.7
35001001800,16.4,4.1
35001002301,31.4,13.1
35001000108,34.2,10.7
35001000719,24.2,6.7
35001000122,35.2,11.2
35001003726,32.3,8.5
35001000123,33.6,11.1
35001003719,33.8,9.2
35001003725,36.1,12.1
35001000207,33.3,11.2
35001000711,33.9,10.1
35001001201,34.6,13.5
35001003712,34.5,10.2
35001000717,37.2,14.3
35001003202,36.5,14.7
35001000208,37.8,15.3
35001003736,30.7,10.2
35001003600,39.6,15.4
35001000714,33.5,11.7
35001000603,36.4,15.7
35001002404,34.1,14.9
35001003718,32.5,9.5
35001000907,40.5,18.9
35001000720,37,10.3
35001001400,37.3,16
35001003723,39.3,13.5
35001000107,38.6,11.4
35001000111,31,8.8
35001000402,32.1,9.4
35001002200,34.7,11.7
35001000113,32.3,9.7
35001000120,32.4,10.5
35001002100,28.7,9.8
35001003502,37.4,11.9
35001000906,39.5,16.3
35001003201,35.5,13.8
35001000124,37.7,14
35001003400,33.6,13.3
35001002700,32.8,11
35001002303,35.2,15
35001001702,23.8,7.1
35001003002,35.7,11.6
35001000117,35.4,11
35001002900,34.8,13.6
35001000300,31.1,9.2
35001003731,32.4,8.7
35001000129,35.7,12
35001000206,37,12.8
35001003501,35.9,13
35001000125,34.1,9.6
35001003730,32.9,9
35001002401,39.2,17.8
35001003100,37.6,12
35001000205,32.9,12
35001000121,37.8,13.1
35001000128,31.8,11
35001004603,35,13.5
35001004756,29.1,9
35045000614,30.1,11.7
35043010715,35.6,11.4
35001004762,30.9,12.5
35001004745,30.6,9.9
35001004900,27.4,8.5
35043010724,30.6,10.8
35035000401,36.1,12.6
35005001002,39.1,12.8
35031945201,34.5,16.5
35001003805,38.6,12
35001004735,29.1,12.5
35031944000,43,23.9
35001004761,27.9,10.3
35049001002,32.6,14.3
35013000203,36.3,15.6
35031945701,36.6,16.3
35001004800,35.5,13.3
35013001315,31.1,13.6
35013001311,28.3,10.2
35031943906,40.2,21.3
35025000703,29.4,9
35049001107,32.1,13
35045000702,32.7,11.6
35043010602,40.6,12.6
35049000400,39.7,11.9
35005000500,38.9,17.2
35047957300,31.3,13.5
35045000402,34.9,15.1
35013000901,41.2,21
35039000301,31.5,14.3
35031945503,35.6,15.4
35013001900,20.2,5.4
35013001316,31,13.2
35031943500,37.4,18.6
35043010722,29.3,9.9
35005000202,42.5,19.6
35006974702,28.6,12
35049001306,25.2,11.1
35015000402,32.9,12.8
35029000300,40.4,17.6
35001004738,28.9,11.5
35031943702,42.5,22.9
35031940301,38.2,19.1
35013001707,36.4,20.4
35045942803,36.9,18.7
35009000500,36.6,16.3
35009000601,39.8,14.3
35005001101,35.4,15.2
35031946003,42.7,23.6
35027960602,40.4,14.3
35043010702,38.2,12.5
35035000403,30.8,9.2
35005000900,35.2,11.6
35031945602,33.2,16
35045000506,30.8,13.2
35027960401,40.7,16.4
35013001402,35.7,18.3
35039944100,34.9,16.9
35025001005,36.9,16.4
35001004750,29.9,10.5
35025000600,31,10.7
35009000305,33.9,13.5
35043011101,42.2,13.3
35001004747,34.3,12.5
35045000705,32,12.9
35035000304,32.3,9.5
35013001805,37.3,20.6
35015000700,32.4,11.3
35017964702,35.5,13.2
35013001102,36.6,14.8
35045000301,30.4,11.2
35017964402,36.5,15.3
35043010730,32.1,10.9
35005000201,34.4,12.7
35013000800,27.7,11.1
35049000300,32.6,12.1
35027960800,39.4,14.4
35031945501,31.4,11.8
35013001814,36.7,18
35007950700,38.9,14.8
35039000302,32.7,15.2
35011960100,41.2,15.9
35027960601,43.5,16.3
35025000100,31.1,12.1
35045000507,34.3,14.1
35049001001,40.1,14.1
35001004727,35.5,12.3
35031945400,32.4,14.1
35045000607,28.9,11.4
35045000900,32.8,12.8
35043010705,32.8,10.7
35047957700,38.9,18.7
35001003738,31.9,9.2
35009000400,36.6,16.7
35013001809,39,19.5
35015000401,33.2,11.5
35043011102,40.5,13
35001004752,32,10.8
35013001312,30.1,11.2
35001004402,36.8,15.7
35031973100,43.5,19.1
35013001208,29.9,9.4
35035000603,40.9,14.6
35028000100,29.2,8.4
35001003746,28.8,8.7
35047957603,34.4,15.3
35005001400,35.2,14.1
35031945601,31.6,12.3
35045000100,31.7,13.7
35015001100,30.7,10.4
35045943100,42.1,22.2
35025001100,33.3,11.3
35001004725,33.2,11.7
35035000901,43.8,14.8
35013001401,38.2,20.2
35013001701,30.7,13.3
35045000708,34.1,14.8
35001004720,36.1,11.6
35049001305,24.5,9.6
35001003807,39.5,13.2
35009000100,36.5,17.7
35029000401,39.7,17.8
35013000700,33.3,15
35049001207,26.6,12.1
35001004726,31.1,10.4
35039000500,40.1,17.6
35001004733,31.4,13.6
35013001703,33.6,14.1
35049001103,27.7,10.3
35006974701,34.9,13.2
35013000401,41.3,21.5
35035000100,41.6,20
35001980500,27.6,8.6
35031943905,41.4,22.4
35037958601,40.3,16.7
35043010727,26.5,8.4
35045942802,35.7,17.4
35031945300,37,19
35013001308,29.2,10.6
35015000800,34,14.1
35005000600,43.1,21.9
35045000202,27.8,8.9
35027960200,44.6,17.1
35015000900,32,11
35049000600,32.6,10.8
35013001702,36.8,17.2
35025000900,35,13.1
35025000504,29.9,9.1
35045000613,34.1,12.9
35013001203,29.9,11.2
35045000401,34.2,13.6
35001004401,36.5,16.9
35043010731,26.7,8
35028000500,30,8.3
35001003740,27.1,8.4
35013001810,35.4,16.9
35001940700,39.9,16.9
35001980000,17.5,3.9
35001940500,39.1,10.3
35031945702,49.1,28.3
35031946002,45.2,25.6
35013000204,26.8,10.6
35005001300,33.2,12.9
35045000609,34.7,13.8
35005001102,38.8,12.7
35041000200,31.2,13.1
35035000200,36.5,14
35001003744,31.6,8.6
35001003804,36.6,11
35035000903,33.1,15.7
35043010503,36.8,15.9
35049000900,31.2,12
35013000300,37,16.4
35027960300,39.5,12.3
35009000202,33.8,14.2
35013001210,35.3,11.2
35031945502,34.1,13.4
35043010732,40.7,14
35033955202,40.7,18.3
35049000500,35.6,11.1
35006974401,39.3,18.6
35001004723,31.6,10.2
35027960603,39.8,12.1
35045000615,32.1,13.2
35013001106,29.9,11.7
35039000200,37,17.4
35009000201,36.3,13.8
35013001313,35.1,15.7
35035000305,38.8,15.2
35006945800,41.5,20.1
35013001705,37,19.9
35049001102,31.1,10
35001004734,27.9,11.7
35028000400,29.5,9.1
35037958602,40.7,18.3
35035000404,33.8,11.6
35043940600,39.6,17.7
35049000102,37,11
35043010733,27.3,8.8
35023970200,38.4,18.5
35035000701,40.4,15.5
35045000206,28.6,11.2
35009000303,30.9,10.3
35047957601,36.2,15.4
35013001207,34.2,14.2
35005000700,37.5,14.7
35045000612,33.7,14.1
35017964100,45.6,16.9
35047957602,41.9,19.7
35001004754,27.2,8.4
35035000303,38.8,15.2
35045943300,35.4,13.9
35001003739,32.2,9.5
35001003743,29.9,8.5
35013001105,31.1,14.5
35013001808,34.5,18.6
35043010900,41.7,18
35039000402,36.2,16.1
35001004602,36.2,14.4
35001004759,29.5,12.3
35043010734,28.8,9.2
35043940200,35,14.9
35025001004,30.6,11.7
35013001318,36.9,13.9
35041000402,34.6,12.2
35035000501,33.4,12.1
35013001811,33.8,16.3
35035000502,41.9,16.4
35043010728,32.7,10.1
35001004722,27.1,8.1
35027960403,40.7,14.6
35049000202,30.8,10.3
35001004716,29.4,8.9
35045000503,30.4,13.6
35049000800,32.1,12.6
35049001203,29.1,13
35045942900,41.7,22
35001004763,27.4,8.5
35049001206,27.8,13
35013000102,38.5,17.8
35006974202,37.5,17
35001004713,30.6,12.5
35039940700,35.3,17.4
35047957400,36.4,18.1
35043010713,34.2,13
35001003806,36.5,10.8
35017964401,41.7,19.3
35001004742,32.6,12.1
35049001106,33.4,13.2
35001004760,34.9,15.2
35025000300,36,16.5
35001940601,25.1,7.4
35001004739,28.9,11.7
35013001309,39.6,18.3
35005000400,41,18.4
35007950500,38.1,16
35025000701,32,10.4
35047957501,41,19.3
35015001001,30,10.2
35045000207,36.2,16.9
35013000103,35.4,15.9
35049000201,30.3,9.1
35041000401,39.1,16.4
35021000100,45.8,19.4
35001004755,26.1,7.8
35045000611,34.1,12.2
35031943904,35.8,16.8
35001004736,29,12.5
35001004715,34.1,15.1
35023970000,38.8,13.8
35035000904,34.4,15
35047957800,33.6,15.5
35001003742,36.2,10
35025000702,27.2,8.9
35003976402,45.7,16
35028000200,25,6.8
35001004764,27,8.2
35033955201,39.5,18.4
35013001812,35.7,19.2
35013001205,34.6,11.3
35041000100,29.9,10.4
35043940500,37.4,17.6
35031943601,40.7,22.1
35013001317,35.2,14.9
35045000504,30.6,11.6
35001004743,28,9.8
35025000503,29,9.1
35001004744,30,9.5
35025000800,35.9,13.7
35045943201,39.6,20.5
35031946001,37,18.2
35043010714,34.3,11.1
35049001105,32,12.2
35043940700,36.3,15.5
35031943903,38.1,19.3
35045000707,36.8,17.2
35047957502,33.1,13.4
35013001813,37.2,20.9
35005000800,32.9,11.5
35049001301,27.2,10.1
35025000200,33.1,14.3
35013001807,39.6,24
35043011200,36.5,12.4
35045000201,28.3,9.1
35006941500,37.3,17.4
35035000601,22.5,5
35031943907,41.3,21.8
35017964701,40.2,13.6
35009000602,29.1,9
35013001206,29.1,9.2
35001003803,35.8,9.8
35013000205,36.4,13.9
35035000604,14,2.8
35001004758,26.7,8
35001004749,35.6,14.6
35013001000,14.4,2.9
35005000302,36.5,13
35009000308,33.8,10.8
35035000306,35.9,12
35031943801,36.5,18.4
35049001304,31.8,15.6
35015001002,36.1,15.9
35009000307,29.7,8.4
35037958900,45.8,16.9
35013001600,38.4,18.6
35009000603,35.4,14
35015000200,32,9.7
35029000402,43.6,18.7
35015000500,34,13.9
35049001202,32.2,15.4
35005001001,33.8,10.2
35031940500,31.5,14.4
35043940900,44.3,22.5
35005001200,33.6,11.4
35001004501,39.8,19.7
35043941000,40.2,16.2
35001004737,25.2,8.8
35029000600,34.1,16.1
35049000700,29.5,10.8
35013001204,36.7,11.4
35019961600,37.9,17.2
35013001209,33.7,11.4
35043010721,30.1,10.5
35049000103,37.8,11.8
35017964200,39.8,13.8
35025000400,34.9,15.2
35035940000,35.3,15.7
35001004724,34.1,11.4
35043010601,39.1,12.5
35001004604,32.4,12.4
35006946100,40.8,20.1
35001003741,38.7,10
35001004753,29.4,9.2
35047957200,37.1,18.7
35043010719,34.3,11.4
35025001003,34,13.7
35045000610,32,12
35013001310,28.9,10.4
35001004001,34.3,13.7
35001004729,34.5,11.5
35027960402,39.4,11.5
35043010729,31.8,10.3
35013001103,37,15.1
35001004502,34.3,14.5
35017964500,37.3,16.1
35009000306,35.9,14.1
35049010102,29.4,13
35009000900,15.6,3.5
35031943803,43.3,23.6
35001004757,27.1,8.3
35039000100,40.6,21.6
35013001706,35.2,18.1
35017964800,39,16.1
35001004712,29.4,11.9
35006974201,32.5,14
35029000100,41.2,18.8
35031943802,40.1,20.6
35015000100,28.8,9.7
35041000300,24.9,8.2
35007950600,41.1,17.1
35039000401,41.7,20.6
35043010726,31.1,9.7
35013000104,36.9,15.4
35013001314,39.5,18.8
35013001501,38.2,12.4
35001940602,42.9,19.6
35013000402,35.2,16.3
35045000302,30.3,11
35043010712,32.7,11.6
35031943701,41.6,22.1
35025000704,33.4,11.8
35013000902,26.8,10.4
35049001302,25.2,11.5
35039940800,36.5,16.6
35039941000,35.1,16.5
35013000206,31.5,13.2
35045943000,40.5,21.5
35049001205,26.1,12.6
35017964600,41.5,20.2
35003976401,48.9,19.6
35045942801,40.6,21.2
35015000300,31.6,10.6
35029000200,38.5,17.7
35015000600,31.3,12
35001004728,33.9,11.8
35005000301,35,13
35031945202,40.6,22
35045000204,33.8,13.7
35001003745,42.1,15.6
35013000500,34.2,15.2
35001004300,39.2,17.9
35029000500,44.3,20.7
35043010725,29.8,10.1
35035000602,36.6,12.1
35031943602,38.7,19.6
35006974402,39.2,18.8
35025000502,29.5,10.2
35031940302,38.7,19.8
35035000702,49.4,22.7
35017964300,37,15
35013001502,38.8,15.8
35045000706,37.4,16.6
35013000600,36.8,17.4
35055952300,38.6,15.4
35053978301,35.9,15.4
35049010400,32.8,9.8
35061970101,34.9,16.2
35051962401,45.7,15.7
35051962300,42.5,16
35061941400,28.7,10.2
35059950200,38,14.7
35061970902,36.7,15.2
35049940300,32.7,14.5
35057963202,39.9,17.1
35049980000,18.6,6.3
35055940000,37.3,17.7
35049010602,38.1,12.1
35061971301,43,19
35049010900,34.1,12.8
35057963201,38.2,14.6
35061970701,35.8,14.3
35049010205,37.2,13.3
35055952602,35.3,15
35061970404,35.3,15
35049010309,35.1,11.7
35049010310,32.6,10.9
35049940900,32.3,15.7
35061970304,34.6,13.4
35061970306,30.7,13.1
35049940600,30.8,13.2
35049010316,34.1,11.8
35055952101,35.1,12.3
35057963601,40.7,17.4
35049010603,31.9,11.7
35055952102,36.6,14.4
35053978302,27.1,10.4
35049010800,33.9,12.9
35061980200,23.7,7.3
35061970103,36.8,15.4
35049010204,39.3,12.3
35049010601,29.7,10.6
35061971000,38.7,15.4
35051962402,46.3,19.3
35061970305,37.1,15.6
35053940000,44.6,24.1
35061940300,34.5,14.3
35055952701,40,16.5
35055952702,36.4,15.4
35051962200,47.5,20.7
35061980100,50.3,28.5
35057963700,43.6,18.3
35061970104,34.4,13.3
35053978303,34.1,14.5
35049010315,32.9,11.5
35061970200,39.6,15.4
35053978100,39.6,17.5
35049010500,35.5,11.3
35049010701,36.8,11.4
35061970405,29.2,9.7
35061970307,37.1,18.8
35049010311,32.2,11
35049940500,36.3,16.8
35049010304,33.4,12.3
35053978200,40.1,15.2
35049010317,27.1,8.8
35055952601,35.7,13.7
35049010312,32.3,11.8
35055940101,40.7,17.3
35049010702,35,11
35061970401,36.5,16.2
35061970800,38.1,17.6
35061970302,31.4,11.8
35061970901,38.2,17.3
35055940102,34.7,12.9
35049940400,34.9,14.7
35057980000,22.5,8.1
35049010308,33.7,15.5
35049010318,27.1,10
35061971100,36.9,15.2
49035112827,18.6,4.6
49057210102,32.9,9.3
49057210305,25.6,7.2
49003960400,31.8,10.5
49035113112,22.6,6
49035112816,28.7,7.9
49003960801,28.2,8.5
49005000201,26.9,8.7
49035112823,26.4,7.7
49035111903,28.4,8.5
49005001202,25.4,8
49035110900,30,8.1
49035110800,29.2,8.1
49003960702,31.9,11.3
49035113537,31,10.6
49011125801,27.8,9.8
49035111201,29.4,8.7
49005000102,29.5,9.5
49011126802,30.5,8.8
49011126500,30.1,8.7
49035110701,27.8,8.3
49035101700,20.3,5.5
49035113542,21.4,6.3
49035113114,22,6.3
49035112804,29.6,8.7
49035113523,29,9.8
49005000900,23.5,7.7
49035113413,32.7,11.5
49035113022,23.9,6.5
49011126002,26.5,8
49035112604,28.4,8.3
49035111107,26.9,7.4
49021110300,28.3,9.5
49011126901,28.5,8.9
49035104900,22.3,6.2
49035112822,29.3,8.7
49011125104,27.8,8.4
49035113805,24.9,8.6
49005000602,19.5,6.1
49021110602,24.2,7.9
49035103900,24.8,6.7
49035110106,33.8,10.2
49035104400,27.9,7.2
49015976300,33.8,10.8
49035113314,26.2,9.6
49011125413,25.7,7.4
49011125414,22.7,6.7
49005001300,27.5,8.2
49035111305,30.5,8.6
49035103000,21.9,6
49035112805,26.4,7.4
49035111904,31.4,9.6
49005001102,27.7,8.5
49035111109,33.9,9.4
49035113025,20.3,5.3
49035102702,29.1,12.5
49011127005,23,6.7
49035112615,30.8,8.7
49035102501,21.4,6.2
49001100200,29.7,9.9
49035113905,25.3,8.4
49035101402,11.6,2.1
49011125408,24,6.9
49035112912,28.6,8.9
49035113307,28.8,11.5
49035111702,26.4,8.3
49015976500,37.6,13.3
49021110704,22.4,7.2
49035100200,26.5,7
49011126106,24.2,6.8
49035113016,24.6,6.7
49029970200,31.6,9.7
49035112829,23,6.5
49005000601,16.3,4.3
49011126001,26.6,8.8
49035113522,29.3,9
49035103200,30.6,10.1
49035111105,35.1,11.4
49021110202,28.1,9.4
49011125304,27.3,8.7
49035112608,31.2,9.2
49011125503,25.3,7.7
49035102900,29.6,10.4
49035100700,23.7,6.6
49035113101,26.4,8.3
49035113536,27.8,10.1
49035111104,30.2,8.8
49035113102,27.2,7.8
49035113311,31.8,12.7
49035113906,28.8,9.9
49035112812,28.4,8.6
49035113512,23.5,7.1
49011125412,23.3,7.2
49019000200,32.8,11.7
49021110601,26.6,9.9
49035112913,29.4,9
49003960100,31.9,10.4
49011126600,29.7,9.2
49035111306,26.3,7.2
49011126305,31,8.9
49035112102,28,8.3
49035103300,21.5,5.8
49035113511,32.2,11.2
49005980100,26.3,7.5
49035111108,33.1,9.3
49035113008,27.6,7.9
49027974100,34.3,12.1
49035113409,27.2,8.9
49035102502,21,5.7
49035112302,28.4,8
49011127003,25.5,7.6
49013940300,36.9,13.5
49035113310,30.8,11.1
49035113804,23.8,7.8
49011125305,26.8,8.3
49035104000,27,7.3
49011125908,28.9,8.8
49035113701,26.6,9
49035112611,26.9,7.6
49013940502,27.1,8.8
49035113539,26.9,9.3
49011125103,25.7,7.8
49011125810,25.7,8.4
49035111601,27.3,9.2
49005000403,26.9,8.3
49035110600,28,7.3
49035112406,22.7,7.7
49035112826,27.9,7.9
49035113313,24.8,8.5
49035111002,27.9,7.7
49011126404,25.5,7.5
49023010100,28.8,9
49005001001,24.4,8.7
49035113011,30.1,8.7
49035102600,33,13.4
49023010200,30.6,9.9
49035113527,26,8.7
49013940501,28.5,10.6
49035102000,22.4,6.5
49035101401,18.9,5.3
49035113111,21.9,5.9
49011126204,28.3,8.2
49035113021,20.8,5.6
49035112830,28.7,8.5
49035103600,27.5,7.4
49019000301,33.1,10.3
49005000401,29.1,9.9
49005000402,27.6,8.2
49005000202,24.6,7.2
49035111202,27.8,8
49035111304,31,8.7
49011125804,27.3,8.2
49005001500,31,9.6
49035113105,22.9,6.1
49005001401,25,7.9
49035112617,27.7,7.6
49035111602,25.7,8.4
49035112402,27.2,9
49035112621,21.1,5.9
49035113533,29.4,8.9
49011125809,24.3,7.8
49035102701,27.4,10.2
49011125307,26,7.9
49011126402,30.9,9.2
49035111106,30.2,8.4
49035112831,23.8,6.6
49035111500,24,7.8
49035113526,24.9,8.3
49009960100,39.8,13.6
49035103100,23.7,6.8
49035113113,18.8,4.9
49011126203,28.1,8.1
49035112505,24.8,7.2
49011125306,23.5,7
49011126700,27.5,8.5
49035111801,26.5,7.6
49007000200,34.5,13
49013940600,33.1,11.8
49035113538,26.9,9.1
49035103500,23.6,6.2
49035112501,29.7,8.9
49035111905,29.1,8.9
49035112918,27.6,9.2
49035113514,29,10.4
49035112904,28.7,9.6
49035100600,30.7,11.4
49035112202,27.4,7.9
49035113013,25.7,7.2
49011125407,28.6,8.9
49035113509,30.3,12
49011126304,26.4,7.7
49005001002,24.7,8.7
49035113110,26.4,7.9
49027974200,34.1,11.7
49035113510,29.4,9.7
49003960301,30.2,9.8
49035111701,25.2,8.2
49035113411,31.3,11.3
49011126108,22.6,6.1
49017000400,35.5,12.2
49035112907,30.8,10.4
49035112610,25.4,7.6
49003960602,31.9,10
49035112905,31.3,9.5
49035112916,27.8,9.5
49035102300,34.4,12.7
49011127002,23.4,7.5
49035112620,29.4,8.5
49035111906,25.6,8.1
49019000302,32.3,10.5
49035112001,32.7,10.4
49035102802,31.1,12.3
49035113521,31.5,11.4
49035113023,21,5.4
49035113532,30.1,9.3
49035113544,25.6,8.8
49035113406,32,13.2
49003960802,28,8.2
49035113600,28.3,10
49011125600,21.6,6.4
49007000600,35.4,13.7
49035112612,26.3,7.6
49035113414,29.2,10.6
49035112814,29.9,8.1
49029970102,29.5,8.8
49035113541,24.3,7.9
49003960701,30.6,10.2
49035101000,26.1,6.9
49005000301,29.7,9.4
49011126405,30.2,9.3
49005000800,18.6,5.5
49011125201,16.3,3.9
49035101500,22.5,6.7
49035113415,24.1,8.3
49025130100,40,14.3
49035113014,27.4,7.8
49011125701,28.1,9.9
49035113520,26,8.2
49035112619,31.3,8.9
49035100308,31,13.2
49003960302,24.4,7.8
49035113109,23.5,6.3
49035110500,28.3,7.5
49035114000,24.2,6.8
49035100500,26.3,8.6
49035112404,25.1,8
49035113513,30,10
49035101600,22.2,6.3
49005000502,20.1,6.4
49035103400,22.6,6
49005000101,27.5,8.3
49035111400,27.6,9.3
49021110100,37.1,13.7
49011126206,21.4,5.7
49035112616,30.2,8.5
49035112917,25.7,7.7
49035110103,30.3,8.1
49011126902,28.6,8.9
49035113024,27.2,7.6
49035101200,24.8,6.8
49035101900,23.8,7
49035113410,30.2,10.8
49035111302,31.9,9.2
49035112815,29,8.1
49035113540,22.1,6.7
49035112920,29.3,9.1
49035110402,28.7,7.8
49035113309,33.1,13
49035113505,31.7,11.3
49021110201,28.4,9.8
49005001101,27.8,8.7
49035113702,29,10.2
49035100800,27,8
49017000300,34.9,11.3
49035112914,26.8,8.3
49035113010,33.6,9.6
49007000100,31.6,11.3
49035112002,27.5,8
49035110702,27.6,7.5
49035100100,20.4,5.7
49011125415,23.9,7.3
49011126303,28.7,8.5
49011125805,23.4,7.4
49035112201,32.2,9.8
49003960601,31.3,10.3
49001100100,29.8,9.7
49011126105,26.1,7.6
49005000702,12.6,2.3
49011125411,24,7
49035111802,24.3,6.9
49035110200,25.9,6.7
49035113802,29,10.6
49025130200,35.3,11.4
49011125410,25.1,7.3
49035112503,27.7,8.4
49011980000,10.5,1.8
49011125501,26.6,8.7
49021110501,26.1,9.2
49035104100,28.9,7.9
49021110702,30.3,9.8
49035113543,25.8,7.6
49005001201,26.9,8
49035112921,28.4,8.9
49005001402,26.4,8.4
49035113007,28.8,8.4
49035104300,22.8,6.2
49035113528,23.6,7.3
49011126205,26.3,7.6
49035100307,26.2,10.2
49035104800,25,6.7
49035114100,23.1,5.9
49011126306,29.6,9
49035113909,22.1,6.3
49035112821,25.7,6.9
49035113515,27.9,8.5
49027974300,35,12.4
49035101101,21.2,5.6
49035112405,23.3,7.1
49035112700,33.9,11.5
49007000300,34,13.9
49035114200,27.2,8.1
49003960200,30.6,10
49035113412,28.1,10.6
49035112818,27.7,8.3
49035102100,21.6,6.1
49035113108,26,7.9
49011126406,26.4,7.9
49035102801,28.5,11.3
49035112828,24.8,6.6
49011126107,24.9,7
49031960100,40.8,15.1
49011125409,24.2,6.8
49035113903,26.1,8.5
49011125502,25.5,8.4
49035110401,29.9,8.6
49003960500,28.2,8.9
49035112504,25.4,7.2
49015976200,33.9,10.9
49035100306,24,8.5
49007000500,33.3,12.2
49035103700,27.2,7.5
49035110300,25.3,6.6
49021110400,21.8,7.2
49035112618,28.9,8.3
49011125301,29,9.9
49035112609,29.1,8
49035112825,22.9,6.7
49011125702,28.6,9.9
49011126801,28.2,7.7
49011127006,27.4,8.5
49005000302,25.8,8.9
49011125905,30.2,9.5
49035113017,27,7.7
49035112813,31.5,9.1
49035110105,31.4,8.7
49035101800,20.3,5.5
49011126101,29.9,8.9
49035113801,29.2,11
49035112613,28.1,7.9
49035112614,32.2,9
49011125807,24,7.9
49035113408,28.1,9.6
49035113545,25.7,9.5
49033950100,34.7,12
49005000501,25.9,8.8
49035113312,31,12.6
49021110502,27.7,10.2
49035103800,24.5,6.6
49035113904,27.8,9.2
49021110703,27.1,8.2
49005000701,23.6,6.9
49035111001,32.7,9.3
49035113012,28.5,8
49011125906,27,8.1
49035104200,31.5,8.4
49035112824,20.5,5.5
49035112101,20.1,5.8
49035110104,30.3,8.2
49011125102,29.1,8.5
49035101102,24.6,6.6
49035113908,25.5,8.2
49035104700,25.3,6.7
49035112301,28.8,8.5
49029970101,27,7.7
49011127100,28,8.1
49035113308,30.3,12
49011125907,32.6,10
49045130900,26.5,8.1
49049010211,27.7,8.1
49049003404,28.7,8.9
49049001002,29.7,9.7
49043964303,27.2,8.2
49049010225,25.7,7.5
49053271200,35.1,11.7
49035114800,31.1,8.4
49049010504,30.1,9.7
49053271000,36.1,12.3
49049000103,26.5,7.9
49049002702,21.6,6.8
49047940201,34.6,13.6
49057211201,31.3,9.2
49053270805,32.5,10.1
49057200500,31.3,10.5
49057210600,31.8,9.6
49049003106,30.2,10.8
49057210516,31,9.1
49049002212,18.8,5.1
49053271702,27.2,7.7
49049000703,23.6,7.6
49053271501,31.5,10.2
49049010115,19.5,5.3
49057210407,30,8.3
49057210512,29.8,9.4
49057200800,31.7,11.6
49049000205,23.2,6.4
49045130708,27.1,7.9
49057210800,27.9,9.3
49049001503,30,8.4
49049000105,27.5,8
49053271300,26.8,9.1
49037942100,41.7,21.3
49057200100,30.2,9.6
49049002500,18.7,5.8
49049001602,13.7,2.3
49049003301,20.4,6
49049003001,25.4,7.7
49057200600,29.5,8.9
49045130704,26.4,7.4
49049980200,13.2,2.5
49049010700,29.4,8.9
49053270402,38.2,10.8
49049010212,19.2,5.2
49039972200,29.9,11.2
49047968401,28.8,9.9
49049010129,19.9,5.3
49057200202,30.1,10.6
49051960100,23.5,7.5
49057200204,27.5,8.8
49049000601,27.9,8.6
49049001108,21.3,7.1
49039972101,34.6,13.1
49049010123,18.8,4.8
49053271502,37.4,11.5
49043964304,25.1,7.4
49053270802,35.2,11
49035114500,27.1,10.1
49049002205,28.8,10.4
49045131004,25.6,7.4
49049010222,20.8,5.6
49051960202,26.4,8.3
49057200301,30.3,10.8
49049000901,24.2,8.2
49045130800,32.3,10
49049001401,25.2,7.8
49043964103,29.5,9.1
49049010118,21.4,5.8
49057210510,28,8.4
49047968403,31.2,10.5
49035114301,24.5,8.1
49049000104,25.2,7.4
49051960203,28.4,8.8
49053271704,35.8,10.9
49049010114,19.7,5.3
49049010125,18.8,5
49049010208,25.5,7.3
49049000706,23.6,7.5
49045130705,26.2,7.3
49049001504,26.1,7.9
49049001201,21.3,6.4
49037942000,43,22.4
49049980300,27.3,11.3
49049010406,25.9,7.5
49049010410,26.3,7.9
49053271101,31.1,10.3
49039972402,23.1,8.2
49051940501,29.3,9.3
49049010307,21.6,6
49049000511,23,7.3
49053271703,32.6,9.5
49057210306,27.9,8.1
49041975400,33.8,11.1
49043964201,27.4,8.7
49049000710,27.5,8.4
49049000207,25.9,7.9
49057210303,30.4,8.5
49049001403,13.8,3.4
49049010119,23,6.9
49049003105,26.4,8.3
49049002902,25.4,8.5
49053271600,43.2,13
49053270804,26.4,7.2
49049010128,19.9,5.6
49049010226,24.7,7
49049002001,22.6,7.5
49049010600,27.8,8.9
49049003205,26.9,8.4
49049001103,24.6,7.9
49049003201,24.9,7.8
49045131005,28.6,9
49053270903,31.1,9.7
49049010221,18.7,4.9
49035114304,22.8,6.6
49049010503,25.4,7.5
49049010124,14.8,3.5
49039972102,33.4,12.2
49049003403,27.3,8.9
49049010409,24.4,7.2
49051960402,29.2,8.5
49053270200,34,10.1
49057211100,29.5,8.8
49049001601,14.3,2.9
49049010308,23.8,6.9
49049010120,17.9,4.6
49035115210,24.6,6.5
49049980500,23.1,8.2
49035114700,28.8,10.1
49057210704,26.9,7.9
49049002204,24,8
49049010132,23.3,6.8
49047968302,30.8,9.8
49057201302,29.5,11.1
49049010224,24.5,6.8
49049980400,36.8,15.5
49057200400,31.8,12
49035115211,23.8,7
49049003401,26.5,8.3
49045131101,29.2,9.2
49049000208,27.1,8.6
49041975200,34.7,10.8
49049002209,15.5,4.1
49043964202,28,8.9
49057200900,28.4,9.8
49039972401,25.9,9.2
49049002901,24.5,7.6
49049000801,25.9,9.3
49049000803,25.4,9.2
49041975500,36.2,12
49045131001,28,8.5
49057202000,29.9,8.6
49049000504,27.8,8.7
49049003203,28.4,8.6
49049002213,24.8,8.5
49053270702,38.5,12.4
49049000508,25.3,7.7
49035115109,16.7,4.1
49057210408,28.6,7.9
49049003405,24.9,7.5
49049001803,16.9,4.7
49049002300,20.6,6.5
49049000804,26,8.6
49049001105,23.2,7.2
49057201100,28.1,8.7
49053270904,37.7,12
49045130600,38.1,16.7
49049010303,27.4,7.9
49041975100,33.1,10.6
49049003302,28.2,9.2
49047968301,27.8,8.8
49057200302,30.3,11.3
49049000708,26.3,7.8
49039972500,31.9,11.4
49049000904,29.1,8.8
49049003002,28.2,8.3
49053270803,30.4,8.7
49049010900,33.3,10.4
49049000603,28.1,8.4
49057210514,26.6,7.8
49057210203,30,8.7
49057211202,33.2,9.7
49049000507,26.9,8
49043964305,24.8,7.8
49049001900,15,3.7
49049010411,27.6,8.1
49043964101,27.6,9
49043964306,26,7.9
49047968404,26.3,8.5
49049010306,18.5,5.2
49049001106,29.3,9.6
49049010405,23.4,6.9
49057210701,27.8,8.2
49057210101,32.9,9.2
49057201700,26.4,9.1
49053270905,34.7,11
49049010223,23.4,6.2
49049002703,24.5,7.7
49049010127,20.9,5.6
49053270602,39.4,11.1
49049002101,28,8.3
49053270301,30.8,9.8
49049000400,21.7,6.4
49043964203,33.3,10.9
49049001001,29.1,9
49057210515,25.9,7
49057210204,31,8.9
49049001801,14,2.7
49049001702,18.6,5.4
49049002210,14.4,3.8
49049003104,27.3,7.9
49049003204,26.4,8.1
49049010121,19.6,5.2
49049000711,28.7,8.7
49049010126,21.6,6
49057200203,27.6,9.1
49045131200,36.4,12.4
49049002102,26.5,8.4
49037978100,35.4,12
49045130707,31,9.2
49049010217,23.2,6.3
49049010408,26.6,7.7
49045130706,26.1,7.6
49057201400,28.6,8.1
49049010506,23.6,7.4
49049010219,25.4,7.1
49053270701,28.7,9.6
49049010130,20,5.2
49043964307,25.8,7.6
49053270501,29,8
49045130701,30.2,9.1
49051960204,22.2,6.9
49053271800,35.6,11.2
49057210404,32.4,9.4
49057201600,24.9,7.5
49049000709,26,7.9
49049010110,20.2,5.2
49053271102,34.6,11.6
49043964402,24.5,8.1
49049010107,24.1,7
49049000102,24.5,7.2
49053270901,34.8,10.9
49049000203,29.2,9.3
49057210900,29.8,8.5
49049000505,25.6,7.4
49037978200,32.4,11.4
49053271400,36.2,12.4
49049002002,23.5,8.5
49057201301,28.3,10
49053270601,34.9,10.8
49049002211,15.9,4.2
49049010505,23.1,6.8
49053270502,32.8,9.5
49035114302,26.5,8
49043964401,26.9,8
49057210406,26.8,7.4
49049010117,20.6,5.4
49049010216,28.2,8.2
49041975300,31.1,9.5
49049010209,28.1,8.2
49053270102,35,11.4
49057211000,27.2,7.8
49057210517,28.3,7.9
49053270401,36.6,11.6
49057210509,27.1,8.1
49049000206,25.4,7.3
49049010407,29.8,9.1
49049001202,22.7,7.3
49049002206,24.9,8.2
49043964104,31.4,11
49043964308,33,10.7
49035115107,24.2,6.5
49049003103,26.8,7.8
49051960201,24.5,7.4
49049000707,27.8,8.7
49049010220,24.3,6.9
49057201500,29,8.2
49057210518,27.8,7.9
49035114602,30.5,8.8
49049010116,22.1,6.1
49057201800,30.8,11.8
49049010213,25.9,7.4
49049001802,13.5,2.6
49049002400,18.8,5.6
49051960500,30.2,9.1
49057210511,32.8,10.6
49057201900,32.5,12.5
49049002208,16,4
49049000604,25.5,7.5
49057210201,33.1,9.9
49049000506,24.7,7.2
49035115108,19.9,5
49057210508,27.5,8.3
49049001404,20.8,6.6
49055979100,39.1,13.6
49047968201,32,10.5
49049000510,18.9,5.1
49057200700,27.9,8.4
49057210405,28.4,8
49053270806,41,12.7
49049010210,27.7,8.3
49049001107,24.8,7.5
49049001300,23.6,7.1
49049001501,31,9.3
49045131102,33,10.5
49045131003,31.6,10.4
49049010122,20.3,5.5
49049010305,27.7,8
49049010404,24.8,7.3
49051960401,28.1,8.2
49057210304,28.6,8.2
49057210513,24.2,7.1
49049001701,24.8,7.2
49057201200,34.1,14.5
49047968202,30.4,10.2
49053270302,46.9,14.9
49035114601,29.3,8.5
49049000903,28,8.5
49039972300,30.8,11.6
49035114303,20.6,5.7
49057210703,29.1,8.8
49049010131,20.1,5.3
49053270101,38.4,12
