facility_id,facility_name_cms,address_line_1_cms,address_line_2_cms,city_cms,state_cms,zip_code_cms,county_cms,telephone_cms,dialysis_station_count,facility_name_google,formatted_address_google,place_id_google,latitude,longitude,match_status,total_weighted_demand,blocks_in_catchment,R_j
32506,DaVita Tuba City Dialysis,500 Edgewater Drive,PO Box 2910,TUBA CITY,AZ,86045,Coconino,(928) 283-4525,26,DaVita Tuba City Dialysis,"500 Edgewater Dr, Tuba City, AZ 86045, United States",ChIJdzhJ1ZzRM4cR20wIa2tE4fQ,36.1297666,-111.2339215,manual,243975.9355793257,1021,1.0656788727241678e-4
32518,DaVita Chinle Dialysis,US HWY 191,PO BOX 879,CHINLE,AZ,86503,Apache,(928) 674-5426,26,DaVita Chinle Dialysis,"US Hwy 191, Chinle, AZ 86503, United States",ChIJZ47aB2acOocRc4vwJ9cE6ZU,36.1568845,-109.584472,manual,242645.81836138663,1497,1.0715206293510765e-4
32524,032524 FLAGSTAFF DIALYSIS CENTER (FMC),"2201 N VICKEY STREET, STE 120",NA,FLAGSTAFF,AZ,86004,Coconino,(928) 526-7071,16,Fresenius Kidney Care Flagstaff,"2201 N Vickey St Ste 120, Flagstaff, AZ 86004, United States",ChIJR7MioaaOLYcR-GY7mrUCVXc,35.2073868,-111.6067628,manual,828342.4520624223,2855,1.9315682735036583e-05
32536,032536 WINSLOW DIALYSIS CENTER (FMC),721 MIKE'S PIKE STREET,NA,WINSLOW,AZ,86047,Navajo,(928) 289-1003,17,Fresenius Kidney Care Winslow,"721 Mike's Pike St, Winslow, AZ 86047, United States",ChIJ7QBvVlxCLocRC9MNiXY2zPM,35.0402446,-110.7015385,verified,385076.9342536385,2451,4.414702229036293e-5
32559,DaVita Kayenta Dialysis,HWY 163,BOX 217,KAYENTA,AZ,86033,Navajo,(928) 697-8182,18,DaVita Kayenta Dialysis,"Highway 163 Box 217, Kayenta, AZ 86033, United States",ChIJfdJmS0PXMIcRuaVNgNCER74,36.7104912,-110.2479834,manual,178481.74370805532,1147,1.008506507502684e-4
32592,DaVita Hopi Dialysis Center,HIGHWAY 264 MILE MARKER 388,PO BOX 964,POLACCA,AZ,86042,Navajo,(928) 737-5490,11,DaVita Hopi Dialysis Center,"HWY 264 MILE MARKER 388, Polacca, AZ 86042, United States",ChIJBzLdQ1jKMYcR71kHDNrqeRQ,35.8022226,-110.4260281,manual,186075.39892010443,1007,5.9115821134007576e-5
32636,USRC FLAGSTAFF,2268 N WALGREENS ST,NA,FLAGSTAFF,AZ,86004,Coconino,(928) 556-5500,17,U.S. Renal Care,"2268 N Walgreen Blvd, Flagstaff, AZ 86004, United States",ChIJa3BplKiPLYcRZlRL3MZiYrw,35.2071018,-111.6028931,verified,807735.6912717469,2774,2.104648857751252e-5
62528,DaVita Cortez Dialysis Center,610 E MAIN ST,STE C,CORTEZ,CO,81321,Montezuma,(970) 565-4302,18,DaVita Cortez Dialysis Center,"610 E Main St ste c, Cortez, CO 81321, United States",ChIJY6CqOplvOYcRb2HFq7IzG6g,37.349762,-108.5764645,verified,396993.8078686558,1890,4.534075757160234e-5
322310,322310 UNM PEDIATRIC DIALYSIS,2211 LOMAS BLVD NE BOX 256,NA,ALBUQUERQUE,NM,87106,Bernalillo,(505) 925-4387,4,UNM Hospital,"2211 Lomas Blvd NE, Albuquerque, NM 87106, United States",ChIJdYDs0c4MIocRmo0tuqOKzyE,35.0882062,-106.6189678,manual,9090031.607634554,15105,4.4004247429024033e-7
322500,322500 NEW MEXICO ARTIFICIAL KIDNEY CENTER (FMC),1600 RANDOLPH SE STE 100,NA,ALBUQUERQUE,NM,87106,Bernalillo,(505) 244-3633,21,Fresenius Kidney Care Albuquerque,"1600 Randolph Ct SE STE 100, Albuquerque, NM 87106, United States",ChIJ3a4HX3gMIocRqfGvE6vjOgI,35.0532766,-106.6292047,manual,8637419.297838505,14786,2.4312817608906867e-6
322503,DaVita Four Corners Dialysis Center,801 W BROADWAY,NA,FARMINGTON,NM,87401,San Juan,(505) 325-2827,36,DaVita Four Corners Dialysis Center,"801 W Broadway, Farmington, NM 87401, United States",ChIJ-2RBxvWPO4cRCSwyso1oHfI,36.7276495,-108.2185893,verified,1117863.696680661,3438,3.220428403471455e-5
322504,322504 ALBUQUERQUE KIDNEY CENTER (FMC),11296 LOMAS BLVD NE,NA,ALBUQUERQUE,NM,87112,Bernalillo,(505) 298-5557,21,Fresenius Kidney Care Northeast Albuquerque,"11296 Lomas Blvd NE, Albuquerque, NM 87112, United States",ChIJo2NUcHCgGIcR5oh_EgHWq0c,35.0863931,-106.525127,verified,8881683.892696943,14903,2.3644165063414908e-6
322506,322506 ALBUQUERQUE DIALYSIS (DCI),1500 INDIAN SCHOOL RD NE,NA,ALBUQUERQUE,NM,87102,Bernalillo,(505) 724-1500,32,"Dialysis Clinic, Inc.","1500 Indian School Rd NE, Albuquerque, NM 87102, United States",ChIJx4QUBFYLIocR_BZ0SJw0QwI,35.0978339,-106.6284637,verified,9685784.669809312,15596,3.303810800145529e-6
322509,322509 RIO RANCHO DIALYSIS (FMC),1760 GRANDE BLVD STE 100,NA,RIO RANCHO,NM,87124,Sandoval,(505) 892-1880,25,Fresenius Kidney Care Rio Rancho,"1760 Grande Blvd SE # 100, Rio Rancho, NM 87124, United States",ChIJgbmKiOJwIocRR7mPDB3rcAc,35.2274204,-106.6612856,manual,7696491.601860689,13665,3.2482332591587638e-6
322510,322510 GRANTS DIALYSIS (DCI),1213 BONITA ST,NA,GRANTS,NM,87020,Cibola,(505) 285-5200,12,"Dialysis Clinic, Inc.","1213 Bonita Ave, Grants, NM 87020, United States",ChIJnycIVBObI4cRZl2Vsb2FD6o,35.1620808,-107.8288809,verified,425593.9796919098,1766,2.819588756562505e-5
322511,322511 CENTRAL NEW MEXICO KIDNEY CENTER (FMC),2800 PALMILLA RD,NA,LOS LUNAS,NM,87031,Valencia,(505) 866-9544,20,Fresenius Kidney Care Central New Mexico Kidney Center,"2800 Palmilla Rd NW, Los Lunas, NM 87031, United States",ChIJ8Y8Zp4ccIocRDAtHJ5poi9k,34.818415,-106.7687419,verified,5808923.267452051,13932,3.442978858416309e-6
322515,DaVita Shiprock Dialysis Center,US HIGHWAY 491 N,NA,SHIPROCK,NM,87420,San Juan,(505) 368-4125,20,DaVita Shiprock Dialysis Center,"US-491, Shiprock, NM 87420, United States",ChIJXXfI5oSuO4cRoH8R0Lf6eWg,36.793088,-108.6893439,verified,744895.6094762677,4186,2.6849399762286018e-5
322520,322520 RIO RANCHO DIALYSIS (DCI),4045 JACKIE RD SE,NA,RIO RANCHO,NM,87124,Sandoval,(505) 896-8861,24,"Dialysis Clinic, Inc.","4045 Jackie Rd SE, Rio Rancho, NM 87124, United States",ChIJIfCrvvJxIocRyfahf4zIEy4,35.2373857,-106.6538245,verified,7198815.2198259,13561,3.333881932946798e-6
322523,322523 NORTH ALBUQUERQUE DIALYSIS CENTER (FMC),5200 San Mateo Blvd NE,NA,Albuquerque,NM,87109,Bernalillo,(505) 883-7599,24,Fresenius Kidney Care North Albuquerque,"5200 San Mateo Blvd NE, Albuquerque, NM 87109, United States",ChIJR12JEuZ0IocRiiGBldscLgY,35.1400959,-106.585645,verified,9831278.784024073,16012,2.4411880211351793e-6
322524,322524 ACL DIALYSIS (DCI),I-40 EXIT 102,NA,SAN FIDEL,NM,87049,Cibola,(505) 552-7292,24,Dialysis Clinic Inc,"501 Sunrise Ct, Acoma Pueblo, NM 87034, United States",ChIJS6UWLYG-I4cRmtIlwG_dHHg,35.06919549,-107.5701094,manual,1398700.3523586134,4785,1.7158785982665306e-5
322530,322530 ALBUQUERQUE EAST (DCI),905 LOUISIANA BLVD NE,NA,ALBUQUERQUE,NM,87110,Bernalillo,(505) 254-1800,24,"Dialysis Clinic, Inc.","905 Louisiana Blvd NE, Albuquerque, NM 87110, United States",ChIJ_afli4cLIocRlOoNNkXstfA,35.088654,-106.5691498,verified,9134949.91607035,15163,2.6272722040630804e-6
322531,322531 Central Albuquerque DIALYSIS CENTER (FMC),5031 Indian School Rd NE,NA,Albuquerque,NM,87110,Bernalillo,(505) 255-0111,25,FRESENIUS KIDNEY CARE CENTRAL ALBUQUERQUE HOME,"1500 Indian School Rd NE, Albuquerque, NM 87102, United States",ChIJz4bjTK0LIocRUvYjvnuLRe0,35.0979968,-106.6286975,manual,9720592.768351447,15618,2.5718596175940664e-6
322533,322533 NORTH RIO RANCHO DIALYSIS (FMC),7555 ENCHANTED HILLS BLVD STE 102,NA,RIO RANCHO,NM,87144,Sandoval,(505) 771-0316,29,Fresenius Kidney Care North Rio Rancho,"7555 Enchanted Hills Blvd NE Ste 102, Rio Rancho, NM 87144, United States",ChIJ5-dSHv54IocRbiAKSaihDek,35.327729,-106.5805977,manual,6403077.336580336,14386,4.529072268786293e-6
322534,USRC GALLUP DIALYSIS,725 HOSPITAL DR,NA,GALLUP,NM,87301,McKinley,(505) 863-3465,37,U.S. Renal Care,"725 Hospital Dr, Gallup, NM 87301, United States",ChIJY2oFCWPeJIcR8lWXc7dNV8Q,35.507824,-108.7257388,verified,820863.4129104159,4131,4.507449036961519e-5
322535,USRC ZUNI DIALYSIS,20 D Avenue,NA,ZUNI,NM,87327,McKinley,(505) 782-5663,31,Red Rock Dialysis-Zuni,"20 D Ave, Zuni, NM 87327, United States",ChIJscpUFixVJIcR4gfWMZ-VWYQ,35.0877049,-108.7917062,manual,280412.95748591836,1331,1.105512394217972e-4
322536,USRC CROWNPOINT DIALYSIS,STATE HWY 371 ROUTE 9,CROWNPOINT SHOPPING CENTER,CROWNPOINT,NM,87313,McKinley,(505) 786-5280,10,U.S. Renal Care,"NTUA Crownpoint District Office, Hwy 371, Crownpoint Shopping Ctr., W Navajo 9, Crownpoint, NM 87313, United States",ChIJ60uDydelJIcRQQO4Wtu4Ack,35.6975263,-108.1418989,manual,159428.1571671306,1663,6.272417732030153e-5
322540,USRC GALLUP HOME,1801 RED ROCKS DR,NA,GALLUP,NM,87301,McKinley,(505) 863-3472,3,U.S. Renal Care,"1801 Redrock Dr, Gallup, NM 87301, United States",ChIJb1-_IgXfJIcRdcwSQfsPSVU,35.5082075,-108.7270051,verified,824112.438393783,4171,3.6402799669509652e-6
322541,322541 ALBUQUERQUE SOUTH (DCI),1725 isleta blvd SW,NA,ALBUQUERQUE,NM,87105,Bernalillo,(505) 877-3181,24,"Dialysis Clinic, Inc.","1725 Isleta Blvd SW, Albuquerque, NM 87105, United States",ChIJh64j_aoNIocRXj_r1pCyDMw,35.0511264,-106.6783406,manual,8273221.760333753,14383,2.9009255034198195e-6
322542,322542 Fresenius Kidney Care HOME DIALYSIS OF NEW MEXICO,700 Lomas Blvd NE,Three Woodward Center,ALBUQUERQUE,NM,87102,Bernalillo,(505) 842-5210,3,FRESENIUS KIDNEY CARE HOME DIALYSIS - N.M.,"Three Woodward Center, 700 Lomas Blvd NE, Albuquerque, NM 87102, United States",ChIJKZeAw6UMIocRS0ooPYkfEGg,35.0896043,-106.6381206,verified,9549618.629849596,15414,3.141486708822894e-7
322543,322543 CUBA DIALYSIS (DCI),14 EAST CORDOVA AVE,NA,CUBA,NM,87103,Bernalillo,(575) 289-0090,16,"Dialysis Clinic, Inc.","14 E Cordova Ave, Cuba, NM 87013, United States",ChIJmWNVvbXLIocRjJMedCvcsvQ,36.0128966,-106.9629901,verified,98710.07649949109,716,1.62090847939749e-4
322546,322546 - LIBERTY ALBUQUERQUE DIALYSIS (FMC),3810 COMMONS AVE NE,NA,ALBUQUERQUE,NM,87109,Bernalillo,(505) 345-1224,19,Liberty Dialysis Liberty Albuquerque,"3810 Commons Ave NE, Albuquerque, NM 87109, United States",ChIJBVl6c_N0IocR3WdmQqSnqNk,35.1432646,-106.6028807,verified,9620917.540853882,15893,1.9748636155875107e-6
322548,322548 - LIBERTY RIO RANCHO (FMC),5751 MCMAHON BLVD NW,NA,ALBUQUERQUE,NM,87114,Bernalillo,(505) 899-1019,19,Liberty Dialysis Liberty Rio Rancho,"5751 McMahon Blvd NW, Albuquerque, NM 87114, United States",ChIJ8yq9OaFxIocRXsjcb0gGuaI,35.2140985,-106.6999838,verified,7648737.132332008,13344,2.484070202868526e-6
322549,DaVita Del Norte Dialysis,5201 SAN MATEO BLVD NE,NA,ALBUQUERQUE,NM,87109,Bernalillo,(505) 884-4820,17,DaVita Del Norte Dialysis,"5201 San Mateo Blvd NE, Albuquerque, NM 87109, United States",ChIJrbjBiR11IocRta9CAEvwBbA,35.1399966,-106.5871063,verified,9836246.485197447,16000,1.7283015452676256e-6
322551,322551-FMC- ALBUQUERQUE WESTSIDE,300 UNSER BLVD NW,NA,ALBUQUERQUE,NM,87121,Bernalillo,(505) 839-5282,21,FRESENIUS KIDNEY CARE ALBUQUERQUE WESTSIDE,"300 Unser Blvd NW, Albuquerque, NM 87121, United States",ChIJH7qD_FcNIocRQZ0HGA3BT4E,35.0800431,-106.723222,verified,8728420.633660488,14605,2.4059335452985738e-6
322554,USRC SOLID ROCK DIALYSIS,1580 Highway 264,Suite A,GALLUP,NM,87301,McKinley,(505) 371-5581,25,Solid Rock Dialysis,"1580 NM-264 ste a, Gallup, NM 87301",ChIJ-7J685wxJYcR3T4gje9sEvs,35.6586701765886,-109.040313215538,manual,691130.3801417379,4036,3.6172624903094215e-5
322556,DaVita Sandia Peak Dialysis,10410 Copper Pointe Way NE,NA,ALBUQUERQUE,NM,87123,Bernalillo,(505) 299-0657,12,DaVita Sandia Peak Dialysis,"10410 Copper Ave, Albuquerque, NM 87123, United States",ChIJDWx6OHygGIcRy5eciw1r5p0,35.080446,-106.527649,manual,8577068.347119708,14735,1.3990794423399643e-6
322558,322558-Albuquerque Southwest Mesa,8121 Central Ave NW,NA,ALBUQUERQUE,NM,87121,Bernalillo,(505) 836-1061,20,"Dialysis Clinic, Inc.","8121 Central Ave NW, Albuquerque, NM 87121, United States",ChIJB-pSZZkTIocRx0lssLuTpYQ,35.0791361,-106.7264585,verified,8613561.189254263,14530,2.3219200004001526e-6
322561,DaVita San Juan Dialysis,4525 Rowe Ave,NA,Farmington,NM,87402,San Juan,(505) 326-6278,19,DaVita San Juan Dialysis,"4525 Rowe Ave, Farmington, NM 87402, United States",ChIJ5YAS60eJO4cRkPHOfYgjzQY,36.7698066,-108.1404782,verified,1120890.4957567402,3359,1.6950808372384888e-5
322564,FKC Farmington,2050 Knudsen Avenue,NA,Farmington,NM,87401,San Juan,(505) 516-0670,12,"Fresenius Kidney Care Farmington, NM","2050 Knudsen Ave STE C, Farmington, NM 87401, United States",ChIJ003Ki5mPO4cRb7e0wy3n0Vw,36.7491931,-108.1884879,manual,1103299.8461447284,3363,1.0876463041240983e-5
462319,462319 BLUE MOUNTAIN HOSPITAL DIALYSIS,802 S 200 W,NA,BLANDING,UT,84511,San Juan,(435) 678-4624,8,Blue Mountain Hospital,"802 S 200 W, Blanding, UT 84511, United States",ChIJmcDCzQzUOYcRQeQ3IP484rc,37.612792,-109.48261720000001,verified,81160.51566869616,679,9.857009820707217e-5
462557,BMH Kidney Care LLC,802 S 200 W,Ste B,Blanding,UT,84511,San Juan,(435) 678-5416,1,Blue Mountain Hospital,"802 S 200 W, Blanding, UT 84511, United States",ChIJmcDCzQzUOYcRQeQ3IP484rc,37.612792,-109.48261720000001,verified,81160.51566869616,679,1.2321262275884021e-5
