facility_id,facility_name_cms,address_line_1_cms,address_line_2_cms,city_cms,state_cms,zip_code_cms,county_cms,telephone_cms,dialysis_station_count,facility_name_google,formatted_address_google,place_id_google,latitude,longitude,match_status
032302,Valleywise Comprehensive Health Center- Phoenix Outpatient Dialysis Unit.,2525 E ROOSEVELT ST,NA,PHOENIX,AZ,85008,Maricopa,(602) 344-1601,11,Valleywise Comprehensive Health Center - Phoenix,"2525 E Roosevelt St, Phoenix, AZ 85008, United States",ChIJLaZXLucNK4cRisElkamgeck,33.457516,-112.0283644,verified
032314,032314 PHOENIX CHILDRENS HOSPITAL- DIALYSIS CENTER,1920 E CAMBRIDGE RD STE 102,NA,PHOENIX,AZ,85016,Maricopa,(602) 933-3220,6,Phoenix Children's Hospital Thomas Campus - Dialysis Center,"1920 E Cambridge Ave Floor 1, Phoenix, AZ 85006, United States",ChIJ712nl44NK4cRGCEN9DBR8rE,33.4779895,-112.0402781,manual
032315,032315 GILA RIVER DIALYSIS EAST,565 W SEED FARM RD,NA,SACATON,AZ,85147,Pinal,(602) 271-7900,40,GRHC Dialysis Center - East,"565 W Seed Farm Rd, Sacaton, AZ 85147, United States",ChIJ_0feZFVXKocREf6L9e5r7bg,33.0737971,-111.7621948,verified
032316,032316 Banner University Medical Center Pediatric Outpatient DIALYSIS UNIT,PO BOX 245148,NA,TUCSON,AZ,85724,Pima,(520) 694-7176,4,"Banner - University Medical Center Tucson | Tucson, AZ | Campbell Ave.","1625 N Campbell Ave, Tucson, AZ 85719, United States",ChIJqYievqZx1oYR6r3xjxYjf0g,32.2429301,-110.9462013,manual
032500,DaVita Tucson West Dialysis,1780 W ANKLAM RD,NA,TUCSON,AZ,85745,Pima,(520) 624-2220,35,DaVita Tucson West Dialysis,"1780 W Anklam Rd, Tucson, AZ 85745, United States",ChIJz-puiNF21oYRiN9B791Uj7U,32.2263857,-111.0043578,verified
032501,DaVita Tucson East Dialysis,6420 E BROADWAY BLVD STE C300,NA,TUCSON,AZ,85710,Pima,(520) 790-2775,27,DaVita Tucson East Dialysis,"6420 E Broadway Blvd c300, Tucson, AZ 85710, United States",ChIJS6w5VKlv1oYRgxHeZiV77bs,32.21921,-110.855711,manual
032502,DaVita Yuma Dialysis,2130 W 24TH ST,NA,YUMA,AZ,85364,Yuma,(928) 783-2365,30,DaVita Yuma Dialysis,"2130 W 24th St, Yuma, AZ 85364, United States",ChIJJePHCCH21oARKROUmCgAv6w,32.6853399,-114.6456259,verified
032503,032503 PHOENIX ARTIFICIAL KIDNEY CENTER (FMC),13090 N 94TH DR STE 100,NA,PEORIA,AZ,85381,Maricopa,(623) 974-5851,21,Fresenius Kidney Care Phoenix Artificial Kidney Center,"13090 N 94th Dr #100, Peoria, AZ 85381, United States",ChIJ9cArMEBCK4cRsPHjTFT01XY,33.6022199,-112.2630406,manual
032506,DaVita Tuba City Dialysis,500 Edgewater Drive,PO Box 2910,TUBA CITY,AZ,86045,Coconino,(928) 283-4525,26,DaVita Tuba City Dialysis,"500 Edgewater Dr, Tuba City, AZ 86045, United States",ChIJdzhJ1ZzRM4cR20wIa2tE4fQ,36.1297666,-111.2339215,manual
032508,032508 SOUTH PHOENIX DIALYSIS SERVICES (FMC),1021 S 7TH AVE STE 108,NA,PHOENIX,AZ,85007,Maricopa,(602) 253-1954,18,Fresenius Kidney Care South Phoenix,"1021 S 7th Ave Ste 108, Phoenix, AZ 85007, United States",ChIJDRPwvIgRK4cRwokH5-1HbJk,33.4373506,-112.0820957,manual
032509,032509 EAST VALLEY DIALYSIS (FMC),135 S POWER RD STE 103,NA,MESA,AZ,85206,Maricopa,(480) 985-4911,36,Fresenius Kidney Care East Valley,"135 S Power Rd UNIT 103, Mesa, AZ 85206, United States",ChIJy2wZbOmvK4cRbQpvkt4M2HQ,33.4130862,-111.6829114,manual
032513,DaVita Sells Dialysis,HWY 86 - MP 113,PO BOX 3030,SELLS,AZ,85634,Pima,(520) 383-1701,20,DaVita Sells Dialysis,"Highway 86 Milepost 113, Sells, AZ 85634, United States",ChIJK_Asc8AA1YYR-w5_tZ3JzEM,31.9219924,-111.8945267,manual
032514,032514 DESERT DIALYSIS CENTER (DCI),2022 E PRINCE RD,NA,TUCSON,AZ,85719,Pima,(520) 327-0007,19,DCI Desert Dialysis,"2022 E Prince Rd, Tucson, AZ 85719, United States",ChIJlWH2Jyhy1oYRp81_YBd2KpE,32.271752000000014,-110.9407908,verified
032516,032516 CHANDLER DIALYSIS (FMC),912 W CHANDLER BLVD BLDG A-D,NA,CHANDLER,AZ,85225,Maricopa,(480) 821-9801,24,Fresenius Kidney Care Chandler,"912 W Chandler Blvd STE A For A1, Chandler, AZ 85225, United States",ChIJG9Oy8KkAK4cRxAsWzdQ1-wU,33.307521,-111.8578683,verified
032517,032517 CENTRAL PHX DIALYSIS (FMC),3421 N 7TH AVE,NA,PHOENIX,AZ,85013,Maricopa,(602) 274-2293,16,Fresenius Kidney Care Central Phoenix,"3421 N 7th Ave, Phoenix, AZ 85013, United States",ChIJ68R3YfcSK4cRZ9DFiOjziTs,33.4886424,-112.0824286,verified
032518,DaVita Chinle Dialysis,US HWY 191,PO BOX 879,CHINLE,AZ,86503,Apache,(928) 674-5426,26,DaVita Chinle Dialysis,"US Hwy 191, Chinle, AZ 86503, United States",ChIJZ47aB2acOocRc4vwJ9cE6ZU,36.1544483,-109.5526072,verified
032520,DaVita Sierra Vista Dialysis,"629 N HIGHWAY 90 BYP, STE 6",NA,SIERRA VISTA,AZ,85635,Cochise,(520) 459-7791,20,DaVita Sierra Vista At Home,"629 AZ-90 #06, Sierra Vista, AZ 85635, United States",ChIJQ4ofcCAp14YRlW0aBWHZHsE,31.5608964,-110.2535288,manual
032521,032521 DIALYSIS CENTER OF GLENDALE (FMC),5957 W NORTHERN AVE STE 108,NA,GLENDALE,AZ,85301,Maricopa,(623) 435-1155,18,Fresenius Kidney Care Glendale,"5957 W Northern Ave Ste 108, Glendale, AZ 85301, United States",ChIJwxtwJ6trK4cRsnuKrAKU5As,33.5525719,-112.1896791,manual
032522,032522 PARKER DIALYSIS CENTER (FMC),12205 KENNEDY DRIVE,NA,PARKER,AZ,85344,La Paz,(928) 669-9838,10,Fresenius Kidney Care Parker,"12205 Kennedy Dr, Parker, AZ 85344, United States",ChIJmQrKKR2D0YARBLqyAY360i0,34.147363,-114.304747,verified
032523,DaVita Prescott Dialysis,980 WILLOW CREEK RD STE 101,NA,PRESCOTT,AZ,86301,Yavapai,(928) 776-9459,12,DaVita Prescott Dialysis,"980 Willow Creek Rd #101, Prescott, AZ 86301, United States",ChIJN67R0tYuLYcRejoNrt5wPvk,34.5593018,-112.4826761,manual
032524,032524 FLAGSTAFF DIALYSIS CENTER (FMC),"2201 N VICKEY STREET, STE 120",NA,FLAGSTAFF,AZ,86004,Coconino,(928) 526-7071,16,Fresenius Kidney Care Flagstaff,"2201 N Vickey St Ste 120, Flagstaff, AZ 86004, United States",ChIJR7MioaaOLYcR-GY7mrUCVXc,35.2073868,-111.6067628,manual
032525,DaVita Desert Mountain Dialysis Center,9220 E MOUNTAIN VIEW RD STE 105,NA,SCOTTSDALE,AZ,85258,Maricopa,(480) 391-2241,24,DaVita Desert Mountain Dialysis Center,"9220 E Mountain View Rd # 105, Scottsdale, AZ 85258, United States",ChIJoUxD5Ud1K4cR0Hy7_9wM3h4,33.5763314,-111.8797774,manual
032526,USRC SOUTHWEST MESA,1457 W SOUTHERN AVE STE 19,NA,MESA,AZ,85202,Maricopa,(480) 894-5411,24,U.S. Renal Care,"1457 W Southern Ave ste d-19, Mesa, AZ 85202, United States",ChIJQ2EC460HK4cRuDoVKak5X10,33.3922005,-111.8632918,manual
032528,032528 THUNDERBIRD DIALYSIS (FMC),5750 W THUNDERBIRD RD BLDG G #750,NA,GLENDALE,AZ,85306,Maricopa,(602) 439-9502,24,FRESENIUS KIDNEY CARE THUNDERBIRD HOME,"5750 W Thunderbird Rd Ste G750, Glendale, AZ 85306, United States",ChIJPamM53NpK4cRkxJNBgMXpaY,33.612641000000004,-112.1813643,manual
032530,032530 DESERT VALLEY DIALYSIS (FMC),3815 E. BELL ROAD STE. 1100,NA,PHOENIX,AZ,85032,Maricopa,(602) 788-0755,16,Fresenius Kidney Care Desert Valley,"3815 E Bell Rd #1100, Phoenix, AZ 85032, United States",ChIJ524hvvFxK4cRge5yClUb_lA,33.6385794,-111.9991051,manual
032533,032533 GLOBE DIALYSIS (FMC),2250 HIGHWAY 60 STE O-2,NA,MIAMI,AZ,85539,Gila,(928) 425-2624,16,Fresenius Kidney Care Globe,"2250 US-60 Ste O-2, Miami, AZ 85539, United States",ChIJYY2M5RgpyIcRtD_ziIhpvso,33.4162222,-110.8263277,manual
032536,032536 WINSLOW DIALYSIS CENTER (FMC),721 MIKE'S PIKE STREET,NA,WINSLOW,AZ,86047,Navajo,(928) 289-1003,17,Fresenius Kidney Care Winslow,"721 Mike's Pike St, Winslow, AZ 86047, United States",ChIJ7QBvVlxCLocRC9MNiXY2zPM,35.0402446,-110.7015385,verified
032537,032537 ESTRELLA DIALYSIS CENTER (FMC),5546 W ROOSEVELT ST STE 1,NA,PHOENIX,AZ,85043,Maricopa,(602) 352-0724,22,Fresenius Kidney Care Estrella,"5546 W Roosevelt St #1, Phoenix, AZ 85043, United States",ChIJD4-AiVAUK4cR3n6sW4wq0vM,33.4592941,-112.1801546,manual
032539,032539 MESA DIALYSIS CENTER (FMC),1525 N GILBERT RD STE 121,NA,GILBERT,AZ,85234,Maricopa,(480) 497-1127,12,Fresenius Kidney Care Mesa,"1525 N Gilbert Rd Ste 121, Gilbert, AZ 85234, United States",ChIJiY40wOaoK4cRXNUwgvkg9s8,33.3776501,-111.7871521,manual
032540,032540 FRESENIUS KIDNEY CARE WESTERN SKIES,1041 N ARIZOLA RD,NA,CASA GRANDE,AZ,85122,Pinal,(520) 836-5883,16,FRESENIUS KIDNEY CARE WESTERN SKIES,"1041 N Arizola Rd, Casa Grande, AZ 85122, United States",ChIJg6Q07JNnKocRndjmRa-qhQQ,32.8837733,-111.7146137,verified
032541,032541 TEMPE DIALYSIS (FMC),1449 W SOUTHERN AVE,NA,TEMPE,AZ,85282,Maricopa,(480) 967-6360,20,Fresenius Kidney Care Tempe,"1449 W Southern Ave, Tempe, AZ 85282, United States",ChIJ78QrBk8PK4cR9FU1o9ezbfg,33.3923966,-111.9631146,verified
032542,032542 ARCADIA DIALYSIS CENTER (FMC),4021 N. 30th Street,NA,PHOENIX,AZ,85016,Maricopa,(602) 957-2142,25,Fresenius Kidney Care Arcadia,"4021 N 30th St, Phoenix, AZ 85016, United States",ChIJK_Tg1TkMK4cRAlE0WYRIIuc,33.4940634,-112.0168231,manual
032543,DaVita Nogales Dialysis,1605 N. Industrial Park Dr. STE H,NA,NOGALES,AZ,85621,Santa Cruz,(520) 281-5779,13,DaVita Nogales Dialysis,"1605 N Industrial Park Dr # H, Nogales, AZ 85621, United States",ChIJO2syAuWs1oYR6i4Ji5akIjQ,31.3614609,-110.9482863,verified
032544,032544 LAKE HAVASU DIALYSIS (FMC),2145 Mesquite Ave,NA,LAKE HAVASU CITY,AZ,86403,Mohave,(928) 302-5145,12,Fresenius Kidney Care Lake Havasu,"2145 Mesquite Ave, Lake Havasu City, AZ 86403, United States",ChIJbTELyoXt0YARtbNJzdARB64,34.4771628,-114.3267463,verified
032545,032545 SOUTH MOUNTAIN DIALYSIS CENTER (FMC),26 E BASELINE STE 142,NA,PHOENIX,AZ,85042,Maricopa,(602) 268-8158,17,Fresenius Kidney Care South Mountain,"26 E Baseline Rd Ste 142, Phoenix, AZ 85042, United States",ChIJk_8nOhUQK4cRHtj4QQ_0ASk,33.3787684,-112.0716698,manual
032546,032546 SUN CITY WEST DIALYSIS (FMC),12213 W BELL ROAD STE 110,NA,SURPRISE,AZ,85374,Maricopa,(623) 583-8865,18,Fresenius Kidney Care Sun City West,"12213 W Bell Rd Ste 110, Surprise, AZ 85378, United States",ChIJLSLMPVtDK4cR8rtwDKu_j_Y,33.6382273,-112.3233993,manual
032549,032549 SAFFORD DIALYSIS (FMC),1250 S 20TH AVE,NA,SAFFORD,AZ,85546,Graham,(928) 428-1400,16,FRESENIUS KIDNEY CARE SAFFORD HOME,"1250 S 20th Ave, Safford, AZ 85546, United States",ChIJ004RJZ_814YR7LVks2LhYXU,32.8255454,-109.7335271,verified
032550,032550 NORTH PHOENIX DIALYSIS (FMC),1957 W DUNLAP AVE STE 6C,NA,PHOENIX,AZ,85021,Maricopa,(602) 943-1763,19,FRESENIUS KIDNEY CARE NORTH PHOENIX HOME,"1957 W Dunlap Ave STE 7C, Phoenix, AZ 85021, United States",ChIJ0-VQDFZsK4cRCbJtNurEa7s,33.5667827,-112.1026723,manual
032551,USRC MESA,1337 S GILBERT RD STE 109,NA,MESA,AZ,85204,Maricopa,(480) 926-1906,16,U.S. Renal Care,"1337 S Gilbert Rd UNIT 109, Mesa, AZ 85204, United States",ChIJu9WGN5WoK4cRZ2eX_ZM0Koo,33.39116300000001,-111.7870903,manual
032553,DaVita Papago Dialysis Center,5115 East Thomas Rd,STE 115,PHOENIX,AZ,85018,Maricopa,(602) 956-1831,13,DaVita Papago Dialysis Center,"5115 E Thomas Rd #115, Phoenix, AZ 85018, United States",ChIJSV8iy-gNK4cRblrFcCFKuUw,33.4794618,-111.9701645,manual
032556,DaVita South Yuma Dialysis,7179 E 31ST PL,NA,YUMA,AZ,85365,Yuma,(928) 317-0517,20,DaVita South Yuma Dialysis,"7179 E 31st Pl, Yuma, AZ 85365, United States",ChIJFbKWdgxh1oARYbRY7KGAPHI,32.6711734,-114.5101102,verified
032558,032558 BULLHEAD CITY DIALYSIS (FMC),2650 MIRACLE MILE,NA,BULLHEAD CITY,AZ,86442,Mohave,(928) 763-5550,36,Fresenius Kidney Care Bullhead City,"2650 Miracle Mile, Bullhead City, AZ 86442, United States",ChIJoz-esSJBzoARaMSSWjx1iP0,35.0901055,-114.5960127,verified
032559,DaVita Kayenta Dialysis,HWY 163,BOX 217,KAYENTA,AZ,86033,Navajo,(928) 697-8182,18,DaVita Kayenta Dialysis,"Highway 163 Box 217, Kayenta, AZ 86033, United States",ChIJfdJmS0PXMIcRuaVNgNCER74,36.7282703,-110.2478171,verified
032561,032561 CASA GRANDE DIALYSIS (FMC),1875 E Sabin Dr,NA,CASA GRANDE,AZ,85122,Pinal,(520) 836-2566,25,Fresenius Kidney Care Casa Grande,"1875 E Sabin Dr, Casa Grande, AZ 85122, United States",ChIJw8434K5gKocRa940uuhb6K4,32.8811014,-111.7065961,verified
032562,DaVita Cottonwood Dialysis,"1699 E COTTONWOOD ST, A-200",NA,COTTONWOOD,AZ,86326,Yavapai,(928) 634-9295,10,DaVita Cottonwood Dialysis,"1699 E Cottonwood St Ste A200, Cottonwood, AZ 86326, United States",ChIJ7YtLbNMPLYcROHmQZCGkr_Y,34.7282932,-112.0053112,manual
032564,032564 MARYVALE DIALYSIS (FMC),4502 W INDIAN SCHOOL RD STE A4-11,NA,PHOENIX,AZ,85031,Maricopa,(623) 247-0695,28,Fresenius Kidney Care Maryvale,"4502 W Indian School Rd Ste A4, Phoenix, AZ 85031, United States",ChIJmciMt4BAK4cRtfOw7nBYb-s,33.4954792,-112.1565458,manual
032565,032565 DESERT DIALYSIS CENTER SOUTH TUCSON (DCI),1011 E PENNSYLVANIA ST,NA,TUCSON,AZ,85719,Pima,(520) 806-0007,25,DCI Desert Dialysis South,"1011 E Pennsylvania St, Tucson, AZ 85714, United States",ChIJ8WR6unx61oYRmdCZ8BlzZZs,32.1722026,-110.9556684,verified
032568,032568 RED MOUNTAIN DIALYSIS (FMC),1211 N COUNTRY CLUB DR STE 4,NA,MESA,AZ,85201,Maricopa,(480) 833-7440,13,Fresenius Kidney Care Red Mountain,"1211 N Country Club Dr #4, Mesa, AZ 85201, United States",ChIJz19ZxZunK4cRtx6PbicD-mc,33.4364699,-111.8391889,manual
032571,032571 NORTH SCOTTSDALE DIALYSIS (FMC),16101 N 82ND ST STE 6-7,NA,SCOTTSDALE,AZ,85260,Maricopa,(480) 998-1842,13,Fresenius Kidney Care North Scottsdale,"16101 N 82nd St A10, Scottsdale, AZ 85260, United States",ChIJGc482sx1K4cRkRjFem-FrTg,33.6327415,-111.9020444,manual
032572,DaVita Desert Dialysis,13000 N 103RD AVE STE 66,NA,SUN CITY,AZ,85351,Maricopa,(623) 583-3131,20,DaVita Desert Dialysis,"13000 N 103rd Ave #66, Sun City, AZ 85351, United States",ChIJizmUC0xCK4cRzUnHgBQwwGw,33.6018498,-112.2817124,manual
032573,DaVita Pascua Yaqui Tribe Dialysis,7490 S CAMINO DE OESTE,NA,TUCSON,AZ,85757,Pima,(520) 879-6161,13,DaVita Pascua Yaqui Tribe Dialysis,"7490 S Camino De Oeste, Tucson, AZ 85746, United States",ChIJ0cSEiPZ41oYRB8XuvHCJ6XY,32.1164427,-111.0638267,verified
032575,032575 SHOW LOW DIALYSIS (FMC),1500 S WHITE MOUNTAIN BLVD STE 204,NA,SHOW LOW,AZ,85901,Navajo,(928) 532-8430,12,Fresenius Kidney Care Show Low,"1500 S White Mountain Rd Ste 204, Show Low, AZ 85901, United States",ChIJrapgorQ0L4cRPt3FJh6TopQ,34.236811,-110.0271925,manual
032578,032578 APACHE JUNCTION DIALYSIS (FMC),11540 E UNIVERSITY DR STE 109,NA,APACHE JUNCTION,AZ,85120,Pinal,(480) 357-5572,24,Fresenius Kidney Care Apache Junction,"11540 E University Dr #109, Apache Junction, AZ 85120, United States",ChIJ9WWfTM-wK4cRZ8U3kb6vczQ,33.423696,-111.5815826,manual
032579,032579 SUN LAKES DIALYSIS (FMC),9666 E RIGGS RD STE 143,NA,SUN LAKES,AZ,85248,Maricopa,(480) 883-1301,16,Fresenius Kidney Care Sun Lakes,"9666 E Riggs Rd Ste 143, Sun Lakes, AZ 85248, United States",ChIJrQv1HOT_KocRf2IIKr_H7sM,33.2193808,-111.8731411,manual
032580,032580 PALM VALLEY DIALYSIS (FMC),13657 W MCDOWELL RD STE 106,NA,GOODYEAR,AZ,85338,Maricopa,(623) 536-1096,12,Fresenius Kidney Care Palm Valley,"13657 W McDowell Rd, Goodyear, AZ 85395, United States",ChIJlz2187w4K4cRYzzmnkT7oDE,33.4634395,-112.3531955,manual
032583,USRC SOUTH PHOENIX,4621 S CENTRAL AVE,NA,PHOENIX,AZ,85040,Maricopa,(602) 304-1977,20,U.S. Renal Care,"4621 S Central Ave, Phoenix, AZ 85040, United States",ChIJoddVn7URK4cRmvwvgrYwfwE,33.4043092,-112.0730079,verified
032587,032587 DEER VALLEY DIALYSIS (FMC),21241 N 23RD AVE STE 11,NA,PHOENIX,AZ,85027,Maricopa,(623) 869-6089,19,Fresenius Kidney Care Deer Valley,"21241 N 23rd Ave Ste 11, Phoenix, AZ 85027, United States",ChIJwa_X2XFvK4cRYbe7HKpIjJE,33.6789533,-112.1079546,manual
032589,DaVita Tucson South Central Dialysis,2024 E IRVINGTON RD,STE 7,TUCSON,AZ,85714,Pima,(520) 573-0200,30,DaVita Tucson South Central Dialysis,"2024 E Irvington Rd ste 7, Tucson, AZ 85714, United States",ChIJubE71Ix61oYRHF_hUD4Okls,32.1620721,-110.941081,verified
032592,DaVita Hopi Dialysis Center,HIGHWAY 264 MILE MARKER 388,PO BOX 964,POLACCA,AZ,86042,Navajo,(928) 737-5490,11,DaVita Hopi Dialysis Center,"HWY 264 MILE MARKER 388, Polacca, AZ 86042, United States",ChIJBzLdQ1jKMYcR71kHDNrqeRQ,35.8412113,-110.3371845,verified
032593,032593 GRANITE VALLEY DIALYSIS (FMC),14510 W SHUMWAY DR STE 100,NA,SUN CITY WEST,AZ,85375,Maricopa,(623) 546-2718,18,Fresenius Kidney Care Granite Valley,"14510 W Shumway Dr Suite 100, Sun City West, AZ 85375, United States",ChIJl7SP9SJbK4cRsuGvVTOMbMg,33.6621479,-112.3725262,manual
032594,032594 SALT RIVER DIALYSIS CENTER (FMC),10301 E OSBORN RD BLDG 14,NA,SCOTTSDALE,AZ,85256,Maricopa,(480) 362-1044,16,Fresenius Kidney Care Salt River,"10301 E Osborn Rd, Scottsdale, AZ 85256, United States",ChIJH1MY7wMKK4cRdJwK6zGQ6GM,33.4874868,-111.8590915,manual
032596,USRC NORTHEAST PHOENIX,3305 E GREENWAY RD STE 1,NA,PHOENIX,AZ,85032,Maricopa,(602) 765-3919,16,U.S. Renal Care,"3305 E Greenway Rd #1, Phoenix, AZ 85032, United States",ChIJ1Um5HShyK4cRIkZ14XQCRfQ,33.6259356,-112.0110623,manual
032597,032597 SAN CARLOS DIALYSIS (FMC),US 70 & AZ ROUTE 170,NA,PERIDOT,AZ,85542,Gila,(928) 325-6310,16,Fresenius Kidney Care San Carlos,"860 STATE HIGHWAY 170, 860 US-70, Peridot, AZ 85542, United States",ChIJAwu-W9exKYcRVOWiSTKDRgY,33.2998108,-110.4605648,manual
032599,032599 AHWATUKEE DIALYSIS (FMC),15930 48th Street,NA,PHOENIX,AZ,85048,Maricopa,(480) 785-2270,16,Fresenius Kidney Care Ahwatukee,"15930 S 48th St Ste 100, Phoenix, AZ 85048, United States",ChIJWwmKMW8EK4cRBWb9soaHtbI,33.3020845,-111.9830548,manual
032601,DaVita Palm Brook Dialysis Center,14664 N DEL WEBB BLVD,NA,SUN CITY,AZ,85351,Maricopa,(623) 583-6550,20,DaVita Palm Brook Dialysis Center,"14664 N Del Webb Blvd, Sun City, AZ 85351, United States",ChIJ3VNg1AZDK4cRTg6m2LRf-pM,33.6185391,-112.2929384,verified
032604,DaVita Arrowhead Lakes Dialysis Center,20325 N 51ST AVE STE 186 BLDG 11,NA,GLENDALE,AZ,85308,Maricopa,(623) 533-6521,24,DaVita Arrowhead Lakes Dialysis Center,"20325 N 51st Ave bldg 11 ste 186, Glendale, AZ 85308, United States",ChIJw68Tl5doK4cROsPiiIw3sn0,33.6703109,-112.1688156,manual
032605,DaVita Gilbert Dialysis Center,5222 E BASELINE RD STE 104,NA,GILBERT,AZ,85234,Maricopa,(480) 832-6996,24,DaVita Gilbert Dialysis Center,"5222 E Baseline Rd Ste 104, Gilbert, AZ 85234, United States",ChIJ0yzfvP2uK4cR0lyUZ39ptxo,33.3802079,-111.7187999,manual
032607,032607 AVONDALE DIALYSIS (FMC),10750 W MCDOWELL RD STE E500,NA,AVONDALE,AZ,85323,Maricopa,(623) 643-9334,20,Fresenius Kidney Care Avondale,"10750 W McDowell Rd Ste E500, Avondale, AZ 85392, United States",ChIJr0S2FAs_K4cR8N61x7OGcNs,33.4659558,-112.2911612,manual
032608,USRC AVONDALE,13055 W MCDOWELL RD STE F101,NA,AVONDALE,AZ,85392,Maricopa,(623) 935-5460,24,U.S. Renal Care,"13055 W McDowell Rd #101f, Avondale, AZ 85392, United States",ChIJjag4frQ4K4cRFgephSGl9No,33.4634691,-112.3368496,manual
032609,DaVita Tempe Dialysis Center,2149 E WARNER RD STE 109 & STE 110,NA,TEMPE,AZ,85284,Maricopa,(480) 730-3531,24,DaVita Tempe Dialysis Center PD,"2149 E Warner Rd #109, Tempe, AZ 85284, United States",ChIJt2CLThoHK4cRFWQSkmWbt-0,33.3338289,-111.8950355,manual
032610,032610 SOUTHEAST VALLEY DIALYSIS (FMC),22715 S ELLSWORTH RD STE D,NA,QUEEN CREEK,AZ,85142,Maricopa,(480) 677-2463,24,Fresenius Kidney Care Southeast Valley,"22715 S Ellsworth Rd Ste D, Queen Creek, AZ 85142, United States",ChIJPZszbRFNKocRVcbIAjJLz48,33.2420525,-111.6327962,verified
032611,DaVita Phoenix Dialysis Center,337 E CORONADO RD STE 101,NA,PHOENIX,AZ,85004,Maricopa,(602) 253-9006,24,DaVita Phoenix Dialysis Center,"337 E Coronado Rd Ste 101, Phoenix, AZ 85004, United States",ChIJNVyaPmsSK4cRG3cLLc2yQHQ,33.467046,-112.067639,manual
032612,DaVita Estrella Dialysis Center,8410 W THOMAS RD STE 100 BLDG 1,NA,PHOENIX,AZ,85037,Maricopa,(623) 247-0808,24,DaVita Estrella Dialysis Center,"8410 W Thomas Rd Ste 100 Bldg 1, Phoenix, AZ 85037, United States",ChIJY3uOX1Y_K4cRTPTiC_PAM4s,33.4803611,-112.2418049,manual
032613,032613 NORTHWEST TUCSON DIALYSIS (FMC),6261 N LA CHOLLA BLVD STE 181,NA,TUCSON,AZ,85741,Pima,(520) 297-1490,20,Fresenius Kidney Care Northwest Tucson,"6261 N La Cholla Blvd Ste 181, Tucson, AZ 85741, United States",ChIJNfIL_ZZ01oYREQqiE-glTcQ,32.3208757,-111.0132354,manual
032614,032614 DOUGLAS DIALYSIS CENTER (DCI),99 E 16TH ST,NA,DOUGLAS,AZ,85607,Cochise,(520) 364-2204,12,Douglas Dialysis Center,"99 16th St, Douglas, AZ 85607, United States",ChIJAXA5uRsI2oYR6juw5ZOFarI,31.3499145,-109.560858,verified
032616,032616 DESERT DIALYSIS SAHUARITA (DCI),1700 W COMMERCE POINTE PL,NA,SAHUARITA,AZ,85629,Pima,(520) 625-0103,24,"Dialysis Clinic, Inc.","1700 W Duval Commerce Point Pl, Green Valley, AZ 85614, United States",ChIJtaWNJvSD1oYRUtNXrqi-gEk,31.8972014,-111.00231,verified
032617,032617 TUCSON WEST DIALYSIS CENTER (FMC),100 W GRANT RD,NA,TUCSON,AZ,85705,Pima,(520) 624-0266,24,Fresenius Kidney Care Tucson West,"100 W Grant Rd, Tucson, AZ 85705, United States",ChIJ61S_wmlx1oYR3xbogWbirEs,32.251116,-110.973695,verified
032618,DaVita Northwest Tucson Dialysis,2945 W INA RD STE 105,NA,TUCSON,AZ,85741,Pima,(520) 797-0049,18,DaVita Northwest Tucson Dialysis,"2945 W Ina Rd Ste 105, Tucson, AZ 85741, United States",ChIJox2HkM501oYR_LD3ns9TKec,32.3367193,-111.0302325,manual
032619,DaVita Mountain Vista Dialysis Center of Arizona,10238 E HAMPTON AVE STE 108,NA,MESA,AZ,85209,Maricopa,(480) 357-8009,24,DaVita Mountain Vista Dialysis Center Of Arizona,"10238 E Hampton Ave #108, Mesa, AZ 85209, United States",ChIJ89F1iw-xK4cReBIAeQHTKj0,33.3910471,-111.609865,manual
032620,DaVita Grand Home Dialysis,14671 W. Mountain View Blvd.,Suite 106,Surprise,AZ,85374,Maricopa,(623) 546-6120,4,DaVita Grand Home At Home,"14671 W Mountain View Blvd Ste 106, Surprise, AZ 85374, United States",ChIJu6PBViZbK4cRkWTWaqNOLyA,33.65392,-112.3771783,verified
032622,032622 GOODYEAR DIALYSIS (FMC),500 N BULLARD AVE STE C34,NA,GOODYEAR,AZ,85338,Maricopa,(623) 925-8955,24,Fresenius Kidney Care Goodyear,"500 N Bullard Ave Ste C34, Goodyear, AZ 85338, United States",ChIJWVuCFIs4K4cRAEmoGCVlhdc,33.4525004,-112.3777466,manual
032624,DaVita Central Mesa Dialysis Center,1134 E UNIVERSITY DR STE 101,NA,MESA,AZ,85203,Maricopa,(480) 464-3851,24,DaVita Central Mesa Dialysis Center,"1134 E University Dr Ste 101, Mesa, AZ 85203, United States",ChIJqSD5CjOmK4cRmqrZSMOevpI,33.4230598,-111.8065075,manual
032625,DaVita Raven Dialysis Center,3540 E BASELINE RD STE 110,NA,PHOENIX,AZ,85042,Maricopa,(602) 431-2110,24,DaVita Raven Dialysis Center,"3540 E Baseline Rd #110, Phoenix, AZ 85042, United States",ChIJJQB6lYMPK4cRpDs5Mtst9yQ,33.3788571,-112.0053289,manual
032626,032626 MIDVALE PARK DIALYSIS (FMC),1430 W VALENCIA RD STE 1,NA,TUCSON,AZ,85746,Pima,(520) 889-4555,23,Fresenius Kidney Care Midvale Park,"1430 W Valencia Rd Ste 1, Tucson, AZ 85746, United States",ChIJURBfGSt61oYRj64bSN50tiM,32.1346157,-110.9949106,manual
032627,DaVita Tucson Central Dialysis,2901 E GRANT RD,NA,TUCSON,AZ,85716,Pima,(520) 325-3408,12,DaVita Tucson Central Dialysis,"2901 E Grant Rd, Tucson, AZ 85716, United States",ChIJVeS_tb9x1oYRBG660E8v0D4,32.250674,-110.9287076,verified
032628,032628 KINGMAN DIALYSIS CLINIC (FMC),1721 Airway Ave,NA,KINGMAN,AZ,86409,Mohave,(928) 681-2342,27,Fresenius Kidney Care Kingman,"1721 Airway Ave, Kingman, AZ 86409, United States",ChIJm0xQn1nczYARWGkTX9lAFx4,35.2253739,-114.0381826,verified
032629,032629 SOUTH TUCSON DIALYSIS (FMC),2802 SOUTH 6TH AVE,NA,TUCSON,AZ,85713,Pima,(520) 792-2999,24,Fresenius Kidney Care South Tucson,"2802 S 6th Ave, Tucson, AZ 85713, United States",ChIJvXrsAppw1oYRzb8qkzHXu8s,32.1902387,-110.9687792,verified
032630,DaVita Brookwood Dialysis Center,8910 N 43RD AVE STE 107,NA,GLENDALE,AZ,85302,Maricopa,(623) 937-2735,24,DaVita Brookwood Dialysis Center,"8910 N 43rd Ave #107, Glendale, AZ 85302, United States",ChIJrYtMeIVrK4cRPVbivHnzXdI,33.5661318,-112.1537999,manual
032631,DaVita Ocotillo Dialysis,975 W CHANDLER HEIGHTS RD,UNIT 101,CHANDLER,AZ,85248,Maricopa,(480) 802-4405,12,DaVita Ocotillo Dialysis,"975 W Chandler Heights Rd #101, Chandler, AZ 85248, United States",ChIJB9owrAAAK4cRtKvtkZ9jsEk,33.2316164,-111.8571846,verified
032632,DaVita Rita Ranch Dialysis (AKA Tucson East II),7355 S HOUGHTON RD STE 101,NA,TUCSON,AZ,85747,Pima,(520) 663-4035,12,DaVita Rita Ranch Dialysis (aka Tucson East Ii),"7355 S Houghton Rd Ste 101, Tucson, AZ 85747, United States",ChIJOZjrzy9h1oYR-1en2Km4334,32.1182798,-110.7711522,manual
032633,032633 SANTAN DIALYSIS (FMC),300 W HIGHWAY 287,NA,FLORENCE,AZ,85132,Pinal,(520) 868-1144,12,Fresenius Kidney Care San Tan,"300 W HIGHWAY 287 #300300, Florence, AZ 85132, United States",ChIJcS4BSAA_KocRfsFnEMvLIwg,30.9971384,-94.8249884,verified
032634,DaVita Maryvale Dialysis Center,4845 W MCDOWELL RD,"STE 10A, 20A,30A",PHOENIX,AZ,85035,Maricopa,(602) 278-8349,24,DaVita Maryvale Dialysis Center,"4845 W McDowell Rd, 20a 30a Ste 10a, Phoenix, AZ 85035, United States",ChIJN0Ik4WAUK4cRdGExIhpM9pQ,33.4655153,-112.1632441,verified
032635,032635 GILBERT DIALYSIS (FMC),3511 MERCY RD STE 101,NA,GILBERT,AZ,85297,Maricopa,(480) 857-8338,12,Fresenius Kidney Care Gilbert,"3511 Mercy Rd Ste 101, Gilbert, AZ 85297, United States",ChIJ50pEnoisK4cRVpl9X2hIGE0,33.28552579999999,-111.74999,manual
032636,USRC FLAGSTAFF,2268 N WALGREENS ST,NA,FLAGSTAFF,AZ,86004,Coconino,(928) 556-5500,17,U.S. Renal Care,"2268 N Walgreen Blvd, Flagstaff, AZ 86004, United States",ChIJa3BplKiPLYcRZlRL3MZiYrw,35.2071018,-111.6028931,verified
032637,DaVita Wickenburg Dialysis,811 N TEGNER,"STE 101,103,105,107",WICKENBURG,AZ,85390,Maricopa,(928) 684-6898,9,DaVita Wickenburg Dialysis,"811 N Tegner, 107 Ste 101, Wickenburg, AZ 85390, United States",ChIJFXHLJ75O04ARPo10VL_t-80,33.9762291,-112.7351384,verified
032638,DaVita Power Road Dialysis PD,301 S Power Road Suite 104,NA,MESA,AZ,85206,Maricopa,(480) 641-1193,12,DaVita Power Road Dialysis,"301 S Power Rd #104, Mesa, AZ 85206, United States",ChIJGQM3jemvK4cRC48p__1-AUI,33.4106168,-111.6833919,manual
032639,"032639 ESTRELLA MOUNTAIN DIALYSIS, LLC (ARA)",9250 West Thomas Road,Suite 120,PHOENIX,AZ,85037,Maricopa,(623) 772-7363,18,Innovative Renal Care Estrella Mountain Dialysis,"9250 W Thomas Rd #120, Phoenix, AZ 85037, United States",ChIJyyHiWew_K4cRadct_H1WwtQ,33.4803839,-112.2587532,manual
032640,DaVita Sweetwater Ridge Dialysis,7362 W Thunderbird Rd Suite 104,NA,PEORIA,AZ,85381,Maricopa,(623) 486-0327,20,DaVita Sweetwater Ridge Dialysis,"7362 W Thunderbird Rd #104, Peoria, AZ 85381, United States",ChIJoyXqTsBpK4cRg0Rx_FZZTMo,33.61098339999999,-112.2177616,manual
032642,DaVita Phoenix Home Dialysis PD Only,5115 E THOMAS RD STE 100,NA,PHOENIX,AZ,85018,Maricopa,(602) 840-0072,1,DaVita Phoenix Home Dialysis-pd Only,"5115 E Thomas Rd #100, Phoenix, AZ 85018, United States",ChIJX-hN9hMMK4cRtqKCKbIqUAI,33.4794848,-111.9702857,manual
032643,032643 EAST TUCSON (FMC),5555 E 5TH ST #155,NA,TUCSON,AZ,85711,Pima,(520) 790-0461,25,Fresenius Kidney Care East Tucson,"5555 East 5th Street Ste 155, Tucson, AZ 85711, United States",ChIJY7s8W7dv1oYRk-EtjYrBrWc,32.229528,-110.8741763,manual
032644,DaVita Edge River Dialysis,1197 S REDONDO CENTER DR,NA,YUMA,AZ,85365,Yuma,(928) 329-4340,13,DaVita Edge River Dialysis,"1197 S Redondo Center Dr, Yuma, AZ 85365, United States",ChIJB34J1Ob11oAR1EqTaHRA76c,32.7057944,-114.6125345,verified
032645,DaVita Fountain Hills Dialysis,13430 N SAGUARO BLVD,BLDG 3,FOUNTAIN HILLS,AZ,85268,Maricopa,(480) 816-5973,12,DaVita Fountain Hills Dialysis,"13430 N Saguaro Blvd bldg 3, Fountain Hills, AZ 85268, United States",ChIJlWa8MIiYK4cR1A3XRJuWeFw,33.6084079,-111.7156828,verified
032646,032646-FMC-GLENDALE TOWN CENTER,4407 WEST PEORIA AVE,NA,GLENDALE,AZ,85302,Maricopa,(623) 934-9091,25,Fresenius Kidney Care Glendale Town Center,"4407 W Peoria Ave, Glendale, AZ 85302, United States",ChIJyQv2cfJrK4cRgttErdcOk-0,33.5815451,-112.1543016,verified
032647,032647-FMC NORTH MOUNTAIN,16605 NORTH 28TH AVENUE,SUITE 100,PHOENIX,AZ,85053,Maricopa,(602) 863-7954,25,FRESENIUS KIDNEY CARE NORTH MOUNTAIN,"16605 N 28th Ave Ste 100, Phoenix, AZ 85053, United States",ChIJb0c8BehuK4cRP59Fab4PIAY,33.637273,-112.1186168,verified
032648,032648-FMC OLD TOWN SCOTTSDALE,4141 N Scottsdale Rd,Ste 100,SCOTTSDALE,AZ,85251,Maricopa,(480) 946-1455,25,FRESENIUS KIDNEY CARE OLD TOWN SCOTTSDALE,"4141 N Scottsdale Rd # 100, Scottsdale, AZ 85251, United States",ChIJ99Jr_74LK4cR21M8PQQNNpI,33.4952958,-111.9252477,verified
032650,032650 Fresenius Kidney Care Desert Sage,4901 W McDowell Road,Suite 120,PHOENIX,AZ,85035,Maricopa,(602) 272-3116,25,FRESENIUS KIDNEY CARE DESERT SAGE,"4901 W McDowell Rd Ste 120, Phoenix, AZ 85035, United States",ChIJM2SvlmAUK4cRnYGA0VfthIo,33.465307,-112.165966,manual
032651,DaVita Swan Dialysis,1635 N Swan Road,NA,TUCSON,AZ,85712,Pima,(520) 327-1125,12,DaVita Swan Dialysis,"1635 N Swan Rd, Tucson, AZ 85712, United States",ChIJQTQafi5u1oYR6LmKJva_PjI,32.2424607,-110.8938639,manual
032652,DaVita Oro Valley Dialysis,1521 E Tangerine Road,Suite 101,Oro Valley,AZ,85755,Pima,(520) 219-2879,12,DaVita Oro Valley Dialysis,"1521 E Tangerine Rd #101, Oro Valley, AZ 85755, United States",ChIJgxZh3MUL1oYRK9RJeoVkzFM,32.4289345,-110.9500116,manual
032653,032653-Fresenius Kidney Care Westgate Home,6622 N 91st Avenue,Ste 210,Glendale,AZ,85305,Maricopa,(623) 877-0920,1,FRESENIUS KIDNEY CARE WESTGATE HOME,"6622 N 91st Ave Ste 210, Glendale, AZ 85305, United States",ChIJYR5i3LBBK4cR_yTsmPO67ro,33.5325599,-112.2559048,manual
032654,032654-Fresenius Kidney Care Canyon Vista,5555 Mesa Verde Dr,Suite 120,Sierra Vista,AZ,85635,Cochise,(520) 458-4490,15,FRESENIUS KIDNEY CARE CANYON VISTA,"5555 Mesa Verde Dr Ste 120, Sierra Vista, AZ 85635, United States",ChIJr4Ky_VAv14YRkbE7Oaff57c,31.5519504,-110.2325822,verified
032655,DaVita Evergreen Park Dialysis,926 E Mc Dowell Rd,Suite 100,Phoenix,AZ,85006,Maricopa,(602) 252-1418,20,DaVita Evergreen Park Dialysis,"926 E McDowell Rd Ste 100, Phoenix, AZ 85006, United States",ChIJgUGqKUMTK4cRXyjQMvgC-Xk,33.4663718,-112.0615164,verified
032656,032656-Fresenius Kidney Care Westgate,6622 N 91st Ave,Suite 120,Glendale,AZ,85305,Maricopa,(623) 772-1334,23,FRESENIUS KIDNEY CARE WESTGATE HOME,"6622 N 91st Ave Ste 210, Glendale, AZ 85305, United States",ChIJYR5i3LBBK4cR_yTsmPO67ro,33.5326145,-112.2558193,verified
032657,Fresenius Kidney Care Tangerine Crossing,3600 W Tangerine Rd,Suite 120,Marana,AZ,85658,Pima,(520) 477-0341,20,FRESENIUS KIDNEY CARE TANGERINE CROSSING,"3600 W Tangerine Rd #120, Marana, AZ 85658, United States",ChIJa7AtsNUL1oYR-OaGFopcvM0,32.4249363,-111.0421318,verified
032658,DaVita Dialysis Care at Palm Valley,14620 West Encanto Blvd,STE 110,Goodyear,AZ,85395,Maricopa,(623) 526-3332,24,DaVita Dialysis Care At Palm Valley,"14620 W Encanto Blvd #110, Goodyear, AZ 85395, United States",ChIJraY4FL85K4cRQmgc74w1nnk,33.4722648,-112.3739174,manual
032659,Fresenius Kidney Care Prescott Valley East,7862 E Florentine Rd,Suite 100,Prescott Valley,AZ,86314,Yavapai,(928) 772-2370,16,Fresenius Kidney Care Prescott Valley East,"7862 Florentine Rd Ste 100, Prescott Valley, AZ 86314, United States",ChIJ6ai4ksQjLYcRtrTOFx-U354,34.5884247,-112.3288024,verified
032660,"Scottsdale Kidney Center, LLC",6970 East Chauncey Lane,Suite 130,Phoenix,AZ,85054,Maricopa,(480) 515-2160,12,Innovative Renal Care Scottsdale Kidney Center,"6970 E Chauncey Ln STE 130, Phoenix, AZ 85054, United States",ChIJ4WrrMUh3K4cReoNoh5LzS7Y,33.652983,-111.9303182,manual
032661,032661-Fresenius Kidney Care Gateway,450 South Gilbert Road,NA,Chandler,AZ,85225,Maricopa,(480) 926-9339,20,Fresenius Kidney Care Gateway,"450 S Gilbert Rd, Chandler, AZ 85225, United States",ChIJ2RpmVJSpK4cRa3fwT3QTMTE,33.2978237,-111.7904183,manual
032662,DaVita Stonebrook Dialysis,14671 W Mountain View Blvd,Suite 102,Surprise,AZ,85374,Maricopa,(623) 232-3382,20,DaVita Stonebrook Dialysis,"14671 W Mountain View Blvd Ste 102, Surprise, AZ 85374, United States",ChIJB2YbA8hbK4cRddw0vY5GNQE,33.65392,-112.3771783,verified
032663,DaVita Desert Dunes Dialysis,2500 S 8th Ave,Suite 102,Yuma,AZ,85364,Yuma,(928) 314-9240,12,DaVita Desert Dunes Dialysis,"2500 S 8th Ave Ste 102, Yuma, AZ 85364, United States",ChIJHfN1m7pZ1oAR00fDbQh073g,32.6831133,-114.6295863,verified
032664,Fresenius Kidney Care Cottonwood,455 S Calvary Way,NA,Cottonwood,AZ,86326,Yavapai,(928) 649-5925,15,FRESENIUS KIDNEY CARE COTTONWOOD,"455 S Calvary Way, Cottonwood, AZ 86326, United States",ChIJ6VlolfEPLYcRbY1YQopKNTw,34.7321317,-112.030384,verified
032665,NDEE Bah Dialysis Center,102 West Hospital Drive,NA,Whiteriver,AZ,85941,Navajo,(928) 487-6125,25,N'Dee Bah Dialysis,"102 W Hospital Dr, Whiteriver, AZ 85941, United States",ChIJ7UvGEADrKIcROQ8lvz0Pa00,33.8769112,-109.9580092,manual
033503,033503 GILA RIVER DIALYSIS WEST,"9721 WEST PECOS RD- RR2, BOX 807",NA,LAVEEN,AZ,85339,Maricopa,(520) 550-6050,20,Dialysis Center West,"9721 W Pecos Rd, Laveen Village, AZ 85339, United States",ChIJdUei5AwZK4cRAXZiU6Z4Aks,33.2899249,-112.1552237,manual
033504,033504 VALLEYWISE COMPREHENSIVE HEALTH CENTER-PEORIA OUTPATIENT DIALYSIS,8088 W Whitney Drive,NA,Peoria,AZ,85345,Maricopa,(602) 655-2140,13,Valleywise Comprehensive Health Center – Peoria,"8088 W Whitney Dr Suite 2A, Peoria, AZ 85345, United States",ChIJ17Aj9UBrK4cRTxkAjfcaR1M,33.5765266,-112.2328659,manual
062303,UNIVERSITY OF CO HOSPITAL - HOME DIALYSIS,12605 E. 16th Ave,NA,AURORA,CO,80045,Adams,(720) 848-3102,6,UCHealth Home Dialysis Clinic - University of Colorado Hospital,"12605 E 16th Ave 1st floor, Aurora, CO 80045, United States",ChIJU5kje0xjbIcRGiRJ4c6Pswk,39.7428542,-104.8419236,verified
062311,THE CHILDRENS HOSPITAL KIDNEY CTR.,13123 E 16TH AVE #328,NA,AURORA,CO,80045,Adams,(720) 777-6263,9,"Children's Hospital Colorado Anschutz Medical Campus, Aurora","13123 E 16th Ave, Aurora, CO 80045, United States",ChIJsxqmx0hjbIcRsoPVGl6ZePc,39.7422495,-104.8349311,manual
062315,062315 Heart of the Rockies Regional Dialysis Center,1000 Rush Drive,NA,SALIDA,CO,81201,Chaffee,(719) 530-2200,4,Heart of the Rockies Regional Medical Center,"1000 Rush Drive, Salida, CO 81201, United States",ChIJxbHf4ugXFYcRGMWggVMqScg,38.5431505,-106.0088698,verified
062501,062501 ROCKY MOUNTAIN DIALYSIS (FMC),600 E Colfax Ave,NA,Denver,CO,80203,Denver,(720) 479-5950,27,Fresenius Kidney Care Rocky Mountain,"600 E Colfax Ave, Denver, CO 80203, United States",ChIJYcmFmhx8bIcRQxfqlKqETL0,39.73978109999999,-104.9795631,verified
062502,DaVita Lakewood Dialysis Center,1750 PIERCE ST,STE C,LAKEWOOD,CO,80214,Jefferson,(303) 238-6111,18,DaVita Lakewood Dialysis Center,"1750 Pierce St Ste C, Lakewood, CO 80214, United States",ChIJ069ApgyHa4cRfm74y5DwC0c,39.7452275,-105.0713168,verified
062505,062505 NORTHERN COLORADO KIDNEY CENTER (FMC),2107 S. Timberline Rd,NA,FORT COLLINS,CO,80525,Larimer,(970) 482-2161,20,Fresenius Kidney Care Ft. Collins,"2107 S Timberline Rd, Fort Collins, CO 80525, United States",ChIJQ93UT-dKaYcR7QNi5nKpr3M,40.5599631,-105.0406036,verified
062507,DaVita Pikes Peak Dialysis Center,2002 LELARAY ST STE 130,NA,COLORADO SPRINGS,CO,80909,El Paso,(719) 471-4615,43,DaVita Pikes Peak Dialysis Center,"2002 Lelaray St Ste 130, Colorado Springs, CO 80909, United States",ChIJGwhvCJtFE4cRDX98X2ImjoE,38.8575576,-104.7910814,manual
062510,062510 GREELEY DIALYSIS (FMC),2343 W 27TH ST STE 503,NA,GREELEY,CO,80634,Weld,(970) 330-6100,25,Fresenius Kidney Care Greeley,"2343 W 27th St #503, Greeley, CO 80634, United States",ChIJkRJAYw2hbocRF2_8gPx7FiY,40.3944327,-104.7168257,manual
062511,DaVita Thornton Dialysis Center,8800 FOX DR,NA,THORNTON,CO,80260,Adams,(303) 430-7020,24,DaVita Thornton Dialysis Center,"8800 Fox Dr, Thornton, CO 80260, United States",ChIJE_QV6Kx3bIcRXvnA69XAAF4,39.85702010000001,-104.9935463,verified
062514,DaVita Aurora Dialysis Center,"1411 S POTOMAC ST, AMC II STE 100",NA,AURORA,CO,80012,Arapahoe,(303) 368-1911,27,DaVita Aurora Dialysis Center,"1411 S Potomac St STE 100, Aurora, CO 80012, United States",ChIJ0Y4ub7pibIcRRn-ZCJwJd8k,39.691018,-104.832618,manual
062517,DaVita Boulder Dialysis Center,2880 FOLSOM ST STE 110,NA,BOULDER,CO,80304,Boulder,(303) 440-5600,14,DaVita Boulder Dialysis Center,"2880 Folsom St #110, Boulder, CO 80304, United States",ChIJfebZJ3zua4cRVZmQDRUVzRU,40.0288159,-105.2627269,manual
062519,DaVita Littleton Dialysis Center,209 W COUNTY LINE RD,NA,LITTLETON,CO,80129,Arapahoe,(303) 730-7540,17,DaVita Littleton Dialysis Center,"209 W County Line Rd, Littleton, CO 80129, United States",ChIJ0d7iAC6CbIcRCDRJ6_-CURY,39.5674832,-104.9918593,verified
062520,062520 PUEBLO DIALYSIS (FMC),41 MONTEBELLO RD STE 102,NA,PUEBLO,CO,81001,Pueblo,(719) 545-1575,21,Fresenius Kidney Care Pueblo,"41 Montebello Rd Ste 102, Pueblo, CO 81001, United States",ChIJ_____0-kE4cRzfzi9kQjANw,38.3064447,-104.5978369,manual
062521,DaVita Arvada Dialysis Center,9950 W 80TH AVE STE 25,NA,ARVADA,CO,80005,Jefferson,(303) 456-9556,16,DaVita Arvada Dialysis Center,"9950 W 80th Ave #25, Arvada, CO 80005, United States",ChIJI9_fxdiIa4cRmHDD6CiSKqo,39.8411621,-105.1089727,manual
062523,062523 LOVELAND DIALYSIS (FMC),2940 GINNALA DR,NA,LOVELAND,CO,80538,Larimer,(970) 663-9155,20,Fresenius Kidney Care Loveland,"2940 Ginnala Dr, Loveland, CO 80538, United States",ChIJWZ1YdvFSaYcRCXDpS9-rTBo,40.4229698,-105.0704793,verified
062525,062525 LA JUNTA DIALYSIS (FMC),1012 Hayes Ave,NA,La Junta,CO,81050,Otero,(719) 383-2300,8,Fresenius Medical Center,"1012 Hayes Ave, La Junta, CO 81050, United States",ChIJq5SVvG8HEocR0cri6MLckpM,37.9784912,-103.5569375,verified
062526,062526 WALSENBURG DIALYSIS (FMC),23450 HIGHWAY 160,NA,WALSENBURG,CO,81089,Huerfano,(719) 738-4864,12,Fresenius Kidney Care Qualicenters Walsenburg,"23450 US-160, Walsenburg, CO 81089, United States",ChIJEflyPedbEYcRU_6b3FyL6iA,37.6003062,-104.83256,verified
062527,062527 NORTHEAST DENVER DIALYSIS (FKC),590 Laredo St,NA,Aurora,CO,80017,Arapahoe,(303) 344-8704,17,Fresenius Kidney Care Denver Central,"590 N Laredo St, Aurora, CO 80011, United States",ChIJw3c8hwF_bIcRZq6_LPlRORs,39.7250684,-104.7999855,verified
062528,DaVita Cortez Dialysis Center,610 E MAIN ST,STE C,CORTEZ,CO,81321,Montezuma,(970) 565-4302,18,DaVita Cortez Dialysis Center,"610 E Main St ste c, Cortez, CO 81321, United States",ChIJY6CqOplvOYcRb2HFq7IzG6g,37.349762,-108.5764645,verified
062529,DaVita Lowry Dialysis Center,7465 E 1ST AVE STE A,NA,DENVER,CO,80230,Denver,(303) 367-0946,24,DaVita Lowry Dialysis Center PD,"7465 E 1st Ave ste a, Denver, CO 80230, United States",ChIJjQqLouh9bIcRBxA37ca-s6s,39.7195649,-104.9002868,verified
062530,062530 MONTROSE DIALYSIS (DCI),846 SOUTH 5TH STREET,NA,MONTROSE,CO,81401,Montrose,(970) 240-3302,15,"Dialysis Clinic, Inc.","846 S 5th St, Montrose, CO 81401, United States",ChIJw0kEMIVQP4cRt7Hg3eXr-Pw,38.47898440000001,-107.8673872,verified
062531,DaVita Englewood Dialysis Center,3247 S LINCOLN ST,NA,ENGLEWOOD,CO,80113,Arapahoe,(303) 761-0600,18,DaVita Englewood Dialysis Center,"3247 S Lincoln St, Englewood, CO 80113, United States",ChIJF_00X9V_bIcRcCVtKgyExes,39.6577128,-104.9867401,verified
062533,DaVita Commerce City Dialysis,6320 HOLLY ST,NA,COMMERCE CITY,CO,80022,Adams,(303) 853-4300,18,DaVita Commerce City Dialysis,"6320 Holly St, Commerce City, CO 80022, United States",ChIJUVpHoRZ6bIcRq4qac2y-poY,39.8112849,-104.9214984,verified
062534,DaVita Longmont Dialysis Center,1715 IRON HORSE DR STE 170,NA,LONGMONT,CO,80501,Boulder,(303) 485-4084,18,DaVita Longmont Dialysis Center,"1715 Iron Horse Dr STE 170, Longmont, CO 80501, United States",ChIJ0X54YUP4a4cR4VFAx5lqCyU,40.158485400000004,-105.0605392,manual
062535,DaVita Lakewood Crossing Dialysis,1057 S WADSWORTH BLVD STE 100,NA,LAKEWOOD,CO,80226,Jefferson,(720) 962-6199,22,DaVita Lakewood Crossing Dialysis,"1057 S Wadsworth Blvd Ste 100, Lakewood, CO 80226, United States",ChIJSQhhVRyBa4cR4R0rlaiB-qM,39.6975822,-105.0821304,manual
062536,062536 LAMAR DIALYSIS (FMC),108 WEST LEE AVE,NA,LAMAR,CO,81052,Prowers,(719) 336-1170,12,Fresenius Kidney Care Lamar,"108 Lee Ave, Lamar, CO 81052, United States",ChIJtfrbKfUlDIcRoMCzb_mbuf0,38.0755483,-102.6195579,verified
062537,062537 PUEBLO SOUTH DIALYSIS (FMC),3426 LAKE AVENUE STE 110,NA,PUEBLO,CO,81004,Pueblo,(719) 564-2442,20,Fresenius Kidney Care Pueblo South,"3426 Lake Ave # 110, Pueblo, CO 81004, United States",ChIJKXJPGD29E4cRQuWInhVuu0o,38.2148682,-104.6252225,manual
062538,062538 GRAND JUNCTION DIALYSIS (DCI),2748 CROSSROADS BLVD,NA,GRAND JUNCTION,CO,81506,Mesa,(970) 255-0900,17,"Dialysis Clinic, Inc.","2748 Crossroads Blvd, Grand Junction, CO 81506, United States",ChIJ910qfusdR4cRvoI02-wYN_c,39.1168326,-108.543508,verified
062540,DaVita East Aurora Dialysis,482 S CHAMBERS RD,NA,AURORA,CO,80017,Arapahoe,(303) 696-1137,28,DaVita East Aurora,"482 S Chambers Rd, Aurora, CO 80017, United States",ChIJD1LI5fFibIcRK-mOKZ3Z_ZM,39.7065577,-104.8074789,verified
062541,DaVita Mile High Home Dialysis,1750 PIERCE ST STE A,NA,LAKEWOOD,CO,80214,Jefferson,(303) 232-0939,3,DaVita Lakewood Dialysis Center,"1750 Pierce St Ste C, Lakewood, CO 80214, United States",ChIJ069ApgyHa4cRfm74y5DwC0c,39.7452275,-105.0713168,verified
062542,DaVita Brighton Dialysis,4700 E BROMLEY LN STE 103,NA,BRIGHTON,CO,80601,Adams,(303) 659-2511,12,DaVita Brighton,"4700 E Bromley Ln # 103, Brighton, CO 80601, United States",ChIJp_BaJYdsbIcRAeHJkRsN3Ss,39.9714416,-104.7589322,manual
062543,DaVita Lonetree Dialysis Center,9777  PYRAMID CT STE 140,NA,ENGLEWOOD,CO,80112,Arapahoe,(303) 662-0466,12,DaVita Lonetree Dialysis Center,"9777 Mount Pyramid Ct #140, Englewood, CO 80112, United States",ChIJBRtBfmyFbIcRAF_FHZ3O5oo,39.5406685,-104.8660685,manual
062545,FRESENIUS MEDICAL CARE EAST DENVER DIALYSIS,962 POTOMAC CIR,NA,AURORA,CO,80011,Arapahoe,(303) 340-1398,24,Fresenius Kidney Care East Denver,"962 N Potomac Cir, Aurora, CO 80011, United States",ChIJ1UM2bDxjbIcRrKYrgEnwblM,39.7324261,-104.8268661,verified
062546,DaVita Denver Dialysis Center,2900 N DOWNING ST STE C,NA,DENVER,CO,80205,Denver,(303) 292-0303,16,DaVita Denver Dialysis Center,"2900 N Downing St Ste C, Denver, CO 80205, United States",ChIJIR7WOz15bIcRi02pbE57Zm4,39.75858909999999,-104.9730818,verified
062547,DaVita Durango Dialysis Center,72 SUTTLE ST STE D,NA,DURANGO,CO,81303,La Plata,(970) 385-8608,8,DaVita Durango Dialysis Center,"72 Suttle St ste d, Durango, CO 81303, United States",ChIJE_hqXMMCPIcRIxLz-BNXGlQ,37.2475648,-107.8764828,verified
062548,062548 STAPLETON DIALYSIS (FMC),7606 E 36TH AVE,NA,DENVER,CO,80238,Denver,(303) 322-1513,20,Fresenius Kidney Care Stapleton,"7606 E 36th Ave BLDG 701, Denver, CO 80238, United States",ChIJq9HQH5l7bIcRUfs2aPKC4uM,39.767057200000004,-104.8994128,verified
062550,DaVita Alamosa Dialysis,612 DEL SOL DR,NA,ALAMOSA,CO,81101,Alamosa,(719) 589-2022,12,DaVita Alamosa Dialysis,"612 Del Sol Dr, Alamosa, CO 81101, United States",ChIJD8VX-d57FocRSihuTgE75p4,37.479726,-105.9016787,verified
062553,DaVita Grand Junction Dialysis Center,710 WELLINGTON AVE STE 20,NA,GRAND JUNCTION,CO,81501,Mesa,(970) 263-8573,18,DaVita Grand Junction Dialysis Center,"710 Wellington Ave Ste 20, Grand Junction, CO 81501, United States",ChIJkyF6G60dR4cRVYyg6hsBrw8,39.0908155,-108.5609264,manual
062554,062554 KIDNEY CENTER OF ARVADA (ARA),5265 VANCE ST,NA,ARVADA,CO,80002,Jefferson,(303) 403-1127,21,Innovative Renal Care Kidney Center of Arvada,"5265 Vance St, Arvada, CO 80002, United States",ChIJHdn0rcyHa4cRlDcnZXHzX8I,39.7922387,-105.0788287,verified
062555,062555 KIDNEY CENTER OF LAFAYETTE (ARA),2655 CRESCENT DR STE C,NA,LAFAYETTE,CO,80026,Boulder,(720) 890-4661,24,Innovative Renal Care Kidney Center of Lafayette,"2655 Crescent Dr C, Lafayette, CO 80026, United States",ChIJu3A3zdL0a4cRJQhJj-Wimgw,39.966245,-105.0889899,verified
062556,062556 KIDNEY CENTER OF LAKEWOOD (ARA),6166 W ALAMEDA AVE,NA,DENVER,CO,80226,Jefferson,(303) 922-6371,21,Innovative Renal Care Kidney Center of Lakewood,"6166 W Alameda Ave, Lakewood, CO 80226, United States",ChIJBWhoq8OAa4cRcvMTTpgReg4,39.71047859999999,-105.0642585,verified
062557,062557 KIDNEY CENTER OF LONGMONT (ARA),1960 KEN PRATT BLVD STE A,NA,LONGMONT,CO,80501,Boulder,(303) 485-7100,20,Innovative Renal Care Kidney Center of Longmont,"1960 Ken Pratt Blvd A, Longmont, CO 80501, United States",ChIJ1aWzCor5a4cRO16wAuLuZI8,40.1456126,-105.1258021,verified
062558,062558 KIDNEY CENTER OF WESTMINSTER (ARA),8410 DECATUR ST STE 200,NA,WESTMINSTER,CO,80031,Adams,(303) 430-6518,24,Western Nephrology,"8410 Decatur St #100, Westminster, CO 80031, United States",ChIJH9C5INJ3bIcRazrY1DNqwC4,39.849546,-105.0220901,manual
062559,DaVita North Metro Dialysis Center,12365 HURON ST STE 500,NA,WESTMINSTER,CO,80234,Adams,(303) 451-9093,17,DaVita North Metro At Home,"12365 Huron St #500, Westminster, CO 80234, United States",ChIJwUcahrd1bIcRuMWcjOAdWo4,39.9211616,-104.9978485,manual
062560,USRC Pueblo Dialysis,850 EAGLERIDGE BLVD,NA,PUEBLO,CO,81008,Pueblo,(719) 253-5980,18,U.S. Renal Care,"850 Eagleridge Blvd, Pueblo, CO 81008, United States",ChIJi24JmWqhE4cRgM8cLSZOPFk,38.3199396,-104.6198431,verified
062561,DaVita North Colorado Springs Dialysis,6071 E WOODMEN RD STE 100,NA,COLORADO SPRINGS,CO,80923,El Paso,(719) 638-1223,15,DaVita North Colorado Springs Dialysis,"6071 E Woodmen Rd Ste 100, Colorado Springs, CO 80923, United States",ChIJixCBljdJE4cRQec-5Tuai94,38.939574,-104.7168676,manual
062562,DaVita Parker Dialysis Center,10371 S PARK GLENN WAY STE 180,NA,PARKER,CO,80138,Douglas,(303) 840-0541,14,DaVita Parker Dialysis Center,"10371 Parkglenn Way #180, Parker, CO 80138, United States",ChIJYdmGjRyObIcRDmaDx9t5xak,39.5286943,-104.7657126,manual
062563,062563 LIBERTY DIALYSIS - COLORADO SPRINGS NORTH (FMC),2180 HOLLOWBROOK DR,NA,COLORADO SPRINGS,CO,80918,El Paso,(719) 593-2999,16,Liberty Dialysis Colorado Springs North,"2180 Hollow Brook Dr, Colorado Springs, CO 80918, United States",ChIJOXB0aeVOE4cR8W2nTqJ2S8M,38.9211025,-104.7855399,verified
062564,062564 LIBERTY DIALYSIS - COLORADO SPRINGS SOUTH (FMC),2508 AIRPORT RD,NA,COLORADO SPRINGS,CO,80909,El Paso,(719) 227-7455,18,Liberty Dialysis Colorado Springs South,"2508 Airport Rd, Colorado Springs, CO 80910, United States",ChIJ6SpZJkxEE4cRW6DM5hLs5k8,38.8265548,-104.7831344,verified
062566,062566 LIBERTY DIALYSIS COLORADO SPRINGS CENTRAL (FMC),1910 E LELARAY ST,NA,COLORADO SPRINGS,CO,80909,El Paso,(719) 380-4878,24,Liberty Dialysis Colorado Springs Central,"1910 Lelaray St, Colorado Springs, CO 80909, United States",ChIJ-f7feZtFE4cRjthX3MEHi10,38.8578642,-104.7919994,verified
062567,DaVita Mesa County Dialysis,561 25 ROAD STE D,NA,GRAND JUNCTION,CO,81505,Mesa,(970) 248-9120,15,DaVita Mesa County Dialysis,"561 25 Rd ste d, Grand Junction, CO 81505, United States",ChIJp0DdTx4dR4cRAEDv60maC40,39.0858918,-108.5905477,verified
062568,062568 PUEBLO WEST DIALYSIS (FMC),73 N ASPEN SKI WAY,NA,PUEBLO WEST,CO,81007,Pueblo,(719) 547-3888,13,Fresenius Kidney Care Pueblo West,"73 N Aspen Ski Way, Pueblo West, CO 81007, United States",ChIJiU5kdI-eE4cR4NlTBi0T0rg,38.338447,-104.73838,verified
062569,DaVita Black Canyon Dialysis,3421 S RIO GRANDE AVE,UNIT D1,MONTROSE,CO,81401,Montrose,(970) 240-7925,13,DaVita Black Canyon Dialysis,"3421 S Rio Grande Ave D1, Montrose, CO 81401, United States",ChIJgSY3929QP4cRHdnSDolpjwE,38.4468317,-107.8697256,verified
062570,062570 KIDNEY CENTER OF BEAR CREEK (ARA),11058 WEST JEWELL AVE,NA,LAKEWOOD,CO,80232,Jefferson,(303) 233-4204,15,Innovative Renal Care Kidney Center of Bear Creek,"11058 W Jewell Ave, Lakewood, CO 80232, United States",ChIJq6qqqjqHa4cReQT-y43E8Q8,39.680819,-105.121032,verified
062572,DaVita South West Denver Dialysis,8601 W CROSS DR,UNIT C-2,LITTLETON,CO,80123,Jefferson,(303) 933-2367,8,DaVita South West Denver Dialysis,"8601 W Cross Dr unit c-2, Littleton, CO 80123, United States",ChIJQb1g0hB_a4cRnhUX_W3W24Y,39.6149128,-105.0952349,verified
062574,DaVita Red Hawk Dialysis,4348 WOODLAND BLVD STE 131,NA,CASTLE ROCK,CO,80104,Douglas,(303) 663-2875,8,DaVita Red Hawk Dialysis,"4348 Woodlands Blvd Ste 131, Castle Rock, CO 80104, United States",ChIJQfwn7tuZbIcRgVIm7EYsT6g,39.4064197,-104.8524987,manual
062575,062575 PAVILION DIALYSIS (FMC),723 DELAWARE ST #M105,NA,DENVER,CO,80204,Denver,(303) 623-2107,24,Fresenius Kidney Care Pavilion,"723 Delaware St M105 M105, Denver, CO 80204, United States",ChIJuXTvXS9_bIcRPVdFhpY1vQ4,39.7277741,-104.9930252,manual
062576,DaVita Sable Dialysis,509 N SABLE BLVD,NA,AURORA,CO,80011,Arapahoe,(303) 366-9458,30,DaVita Sable Dialysis,"509 N Sable Blvd, Aurora, CO 80011, United States",ChIJL3uZJh9jbIcRCbhM-6H_Wdc,39.7241229,-104.8201308,verified
062577,DaVita Northeastern Colorado Diaysis,1329 E Main Street,NA,Sterling,CO,80751,Logan,(970) 740-5368,12,DaVita Northeastern Colorado Dialysis,"603 Holly Dr, Sterling, CO 80751, United States",ChIJR-FJ13fzcYcRJLFv7EX8w64,40.6108894,-103.220318,manual
062578,062578 -  WEST HAMPDEN DIALYSIS (FMC),750 west hampden ave #110,NA,ENGLEWOOD,CO,80110,Arapahoe,(303) 789-5400,12,Fresenius Kidney Care West Hampden,"750 W Hampden Ave STE 110, Englewood, CO 80110, United States",ChIJDbvb9UU134cRUmgxnYViM_w,39.6523657,-104.9964446,manual
062579,DaVita Loveland Central Dialysis,1453 Denver Ave,NA,LOVELAND,CO,80538,Larimer,(970) 663-4607,12,DaVita Loveland Central Dialysis,"1453 N Denver Ave, Loveland, CO 80538, United States",ChIJiRzkBCZTaYcRfIzyid36r2U,40.4081687,-105.0464096,verified
062580,NORTHERN COLORADO HOME THERAPY DIALYSIS (FMC),5285 MCWHINNEY BLVD #190,NA,LOVELAND,CO,80538,Larimer,(970) 667-0596,6,FRESENIUS KIDNEY CARE NORTHERN COLORADO HOME PROGRAM,"5285 McWhinney Blvd # 190, Loveland, CO 80538, United States",ChIJTwu6J-SsbocRWYA9G6SQcAY,40.4110098,-105.0030711,manual
062581,062581 KIDNEY CENTER OF NORTHRIDGE (ARA),"1865 W 121st Ave, Ste 300C",NA,Westminster,CO,80234,Adams,(303) 429-9550,21,Innovative Renal Care Kidney Center of Northridge,"1865 W 121st Ave 300 C, Westminster, CO 80234, United States",ChIJGV44AsB1bIcREaLxfcJt0fg,39.9170154,-105.0092628,manual
062582,DaVita West Lakewood Dialysis,"11700 W 2ND PL, STE 325",NA,LAKEWOOD,CO,80228,Jefferson,(303) 987-4672,14,DaVita West Lakewood Dialysis,"11700 W 2nd Pl Ste 325, Lakewood, CO 80228, United States",ChIJqaZJ6_6Da4cRr5FvQJOepHI,39.7155391,-105.1299977,manual
062583,062583 PARKER KIDNEY CENTER (ARA),18320 E COTTONWOOD DR STE C,NA,PARKER,CO,80138,Douglas,(303) 805-2060,17,Parker Kidney Center,"18320 Cottonwood Dr suite c, Parker, CO 80138, United States",ChIJ7bKStV2ObIcRPyXjgLIyjCA,39.5572768,-104.7778961,verified
062584,062584 SOUTH DENVER DIALYSIS (FMC),3410 S GALENA ST SUITE 100,NA,DENVER,CO,80231,Denver,(303) 671-2419,13,Fresenius Kidney Care South Denver,"3410 S Galena St Ste 100, Denver, CO 80231, United States",ChIJRyDtLpWHbIcRx6J326duEyI,39.6548284,-104.8695891,manual
062585,062585 NORTH GREELEY DIALYSIS (FMC),1212 9TH ST,NA,GREELEY,CO,80631,Weld,(970) 356-5704,17,Fresenius Kidney Care North Greeley,"1212 9th St, Greeley, CO 80631, United States",ChIJZdZxpC6ibocRYsBsAj5Z8yM,40.423585,-104.6990864,verified
062586,DaVita Greeley Dialysis,2812 W 10TH ST,NA,GREELEY,CO,80634,Weld,(970) 352-9072,12,DaVita Greeley Dialysis,"2812 W 10th St, Greeley, CO 80634, United States",ChIJVxT9Ht2jbocRX1whUxOdxoY,40.4221854,-104.7262386,verified
062587,062587 KIDNEY CENTER OF WHEAT RIDGE (ARA),6920 W 38th AVE,NA,WHEAT RIDGE,CO,80033,Jefferson,(303) 463-3041,16,Innovative Renal Care The Kidney Center of Wheat Ridge,"6920 W 38th Ave, Denver, CO 80033, United States",ChIJqzVRL6qHa4cRES73LgyU2WM,39.7689835,-105.073666,verified
062588,DaVita Fort Collins Dialysis,1601 Prospect Parkway,Suite 180,FORT COLLINS,CO,80525,Larimer,(970) 493-0753,12,DaVita Fort Collins Dialysis,"1601 Prospect Park Way ste 180, Fort Collins, CO 80525, United States",ChIJO2INIS1LaYcR5jYbANB-5xE,40.5664062,-105.0341796,manual
062589,062589-KIDNEY CENTER OF THE ROCKIES,50 Buck Creek Road,Suite 110,AVON,CO,81620,Eagle,(970) 949-3236,7,Innovative Renal Care Kidney Center of the Rockies,"50 Buck Creek Rd #110, Avon, CO 81620, United States",ChIJz2jCIs53aocRHbtmc8oD1oA,39.6396671,-106.5224581,manual
062590,062590-KIDNEY CENTER OF FREDERICK,5992 Iris Parkway,NA,LONGMONT,CO,80504,Boulder,(303) 833-1381,12,Innovative Renal Care Kidney Center of Frederick,"5992 Iris Pkwy, Longmont, CO 80504, United States",ChIJJb_Sd9QIbIcRmYoaDGIOLY0,40.110896,-104.9432304,manual
062591,DaVita Platte Valley Dialysis,1321 S 4th Ave,Suite 100,BRIGHTON,CO,80601,Adams,(303) 654-8202,12,DaVita Platte Valley Dialysis,"1321 S 4th Ave Ste 100, Brighton, CO 80601, United States",ChIJR4eMcwxtbIcRndX7MOdvZJQ,39.9669372,-104.818923,verified
062592,DaVita Montbello Dialysis,4834 Chambers Road,NA,DENVER,CO,80239,Denver,(303) 371-1502,12,DaVita Montbello Dialysis,"4834 Chambers Rd, Denver, CO 80239, United States",ChIJX-OOkpVlbIcRe6iYTIbvbcI,39.7850095,-104.8078606,manual
062593,062593-Fresenius Kidney Care Poudre Valley Dialysis,1526 Oakridge Dr,NA,Fort Collins,CO,80525,Larimer,(970) 223-8338,13,FRESENIUS KIDNEY CARE POUDRE VALLEY,"1526 Oakridge Dr, Fort Collins, CO 80525, United States",ChIJE3CBRtlNaYcRuHvhT_TX8Es,40.5230692,-105.0513782,verified
062594,062594-Liberty Dialysis-Colorado Springs West,3326 Centennial Blvd,NA,Colorado Springs,CO,80907,El Paso,(719) 257-6867,12,Fresenius Kidney Care Colorado Springs West,"3326 Centennial Blvd, Colorado Springs, CO 80907, United States",ChIJg2DjyVRRE4cRvnSbdMQR4m0,38.8788415,-104.8488589,verified
062595,062595-Fresenius Kidney Care Castle Rock Dialysis,4352 Trail Boss Drive,NA,Castle Rock,CO,80104,Douglas,(303) 663-2670,15,Fresenius Kidney Care Castle Rock,"4352 Trail Boss Dr, Castle Rock, CO 80104, United States",ChIJX-TK-5mZbIcR5W_Pb32j2zA,39.4055639,-104.8587981,manual
062596,Fresenius Kidney Care Sloans Lake,4097 West Colfax Ave,NA,Denver,CO,80204,Denver,(720) 472-5525,24,Fresenius Kidney Care Sloans Lake,"4097 W Colfax Ave, Denver, CO 80204, United States",ChIJbdCS47CHa4cR_7jjOeSPUT8,39.7404859,-105.0402013,manual
062597,USRC Altitude Dialysis,12100 E Illiff Ave,Suite 102,Aurora,CO,80014,Arapahoe,(720) 262-7281,12,U.S. Renal Care,"12100 E Iliff Ave Suite 102, Aurora, CO 80014, United States",ChIJHUccqCaHbIcR0NzjfQNoodM,39.6737085,-104.8461556,manual
062598,USRC Lone Tree,9777 S Yosemite St,#130A+C,Lonetree,CO,80124,Douglas,(720) 798-3714,16,U.S. Renal Care,"9777 S Yosemite St Suite 130A, B, C, Lone Tree, CO 80124, United States",ChIJf9nLwKmFbIcRPVt2-4v1e2w,39.5395431,-104.8864191,manual
062599,DaVita Red Rocks Dialysis,"9945 W Remington Place, Suite 1",NA,Littleton,CO,80128,Jefferson,(970) 486-2650,11,Davita Red Rocks Dialysis,"9945 W Remington Pl #1, Littleton, CO 80128, United States",ChIJ0a55wpV_a4cRvWU12KyqzVY,39.5650319,-105.1078804,manual
062600,Fresenius Kidney Care West Belleview,200 W Belleview Ave,Unit 150,Englewood,CO,80110,Arapahoe,(303) 723-6280,13,Fresenius Kidney Care Littleton,"200 W Belleview Ave Unit 150, Englewood, CO 80110, United States",ChIJcc2TtIqBbIcRpa27FOpgzV4,39.6230662,-104.9909124,verified
062601,Fresenius Kidney Care Lowry,9050 E Lowry Blvd,Ste 130,Denver,CO,80230,Denver,(303) 583-4970,15,Fresenius Kidney Care Lowry,"9050 E Lowry Blvd Ste 130, Denver, CO 80230, United States",ChIJ9f_uCb99bIcR_rGpbDQH4uQ,39.72447469999999,-104.8818647,verified
322310,322310 UNM PEDIATRIC DIALYSIS,2211 LOMAS BLVD NE BOX 256,NA,ALBUQUERQUE,NM,87106,Bernalillo,(505) 925-4387,4,UNM Hospital,"2211 Lomas Blvd NE, Albuquerque, NM 87106, United States",ChIJdYDs0c4MIocRmo0tuqOKzyE,35.0882062,-106.6189678,manual
322500,322500 NEW MEXICO ARTIFICIAL KIDNEY CENTER (FMC),1600 RANDOLPH SE STE 100,NA,ALBUQUERQUE,NM,87106,Bernalillo,(505) 244-3633,21,Fresenius Kidney Care Albuquerque,"1600 Randolph Ct SE STE 100, Albuquerque, NM 87106, United States",ChIJ3a4HX3gMIocRqfGvE6vjOgI,35.0532766,-106.6292047,manual
322501,322501 SANTA FE DIALYSIS (FMC),641 HARKLE RD,NA,SANTA FE,NM,87505,Santa Fe,(505) 982-9427,20,Fresenius Kidney Care Santa Fe,"641 Harkle Rd, Santa Fe, NM 87505, United States",ChIJL9pONoxQGIcRvEH9q4_gbXo,35.659837,-105.9533202,verified
322503,DaVita Four Corners Dialysis Center,801 W BROADWAY,NA,FARMINGTON,NM,87401,San Juan,(505) 325-2827,36,DaVita Four Corners Dialysis Center,"801 W Broadway, Farmington, NM 87401, United States",ChIJ-2RBxvWPO4cRCSwyso1oHfI,36.7276495,-108.2185893,verified
322504,322504 ALBUQUERQUE KIDNEY CENTER (FMC),11296 LOMAS BLVD NE,NA,ALBUQUERQUE,NM,87112,Bernalillo,(505) 298-5557,21,Fresenius Kidney Care Northeast Albuquerque,"11296 Lomas Blvd NE, Albuquerque, NM 87112, United States",ChIJo2NUcHCgGIcR5oh_EgHWq0c,35.0863931,-106.525127,verified
322505,322505 LAS CRUCES DIALYSIS (FMC),3875 FOOTHILLS RD,NA,LAS CRUCES,NM,88011,Dona Ana,(575) 522-5858,25,Fresenius Kidney Care Las Cruces,"3875 Foothills Rd, Las Cruces, NM 88011, United States",ChIJnxMKgU893oYRHYK-MSfIjgg,32.3216352,-106.7351995,verified
322506,322506 ALBUQUERQUE DIALYSIS (DCI),1500 INDIAN SCHOOL RD NE,NA,ALBUQUERQUE,NM,87102,Bernalillo,(505) 724-1500,32,"Dialysis Clinic, Inc.","8121 Central Ave NW, Albuquerque, NM 87121, United States",ChIJB-pSZZkTIocRx0lssLuTpYQ,35.0792318,-106.7265033,manual
322507,322507 SILVER CITY DIALYSIS (DCI),1310 SUNSET LN,NA,SILVER CITY,NM,88061,Grant,(575) 538-0208,16,"Dialysis Clinic, Inc.","1310 E, Sunset Ln, Silver City, NM 88061, United States",ChIJl0xqyGrI2IYRG5TBDwfW_W8,32.7998072,-108.2603989,verified
322508,322508 ALAMOGORDO DIALYSIS (FMC),2578 MEDICAL DR,NA,ALAMOGORDO,NM,88310,Otero,(575) 437-9731,17,Fresenius Kidney Care Alamogordo,"2578 Medical Dr, Alamogordo, NM 88310, United States",ChIJSz1aDjdQ4IYRkX0h41qu-DY,32.9240721,-105.9327611,verified
322509,322509 RIO RANCHO DIALYSIS (FMC),1760 GRANDE BLVD STE 100,NA,RIO RANCHO,NM,87124,Sandoval,(505) 892-1880,25,Fresenius Kidney Care Rio Rancho,"1760 Grande Blvd SE # 100, Rio Rancho, NM 87124, United States",ChIJgbmKiOJwIocRR7mPDB3rcAc,35.2274204,-106.6612856,manual
322510,322510 GRANTS DIALYSIS (DCI),1213 BONITA ST,NA,GRANTS,NM,87020,Cibola,(505) 285-5200,12,"Dialysis Clinic, Inc.","1213 Bonita Ave, Grants, NM 87020, United States",ChIJnycIVBObI4cRZl2Vsb2FD6o,35.1620808,-107.8288809,verified
322511,322511 CENTRAL NEW MEXICO KIDNEY CENTER (FMC),2800 PALMILLA RD,NA,LOS LUNAS,NM,87031,Valencia,(505) 866-9544,20,Fresenius Kidney Care Central New Mexico Kidney Center,"2800 Palmilla Rd NW, Los Lunas, NM 87031, United States",ChIJ8Y8Zp4ccIocRDAtHJ5poi9k,34.818415,-106.7687419,verified
322513,322513 ESPANOLA DIALYSIS (FMC),1420 CALLE DE LA MERCED,NA,ESPANOLA,NM,87532,Rio Arriba,(505) 753-9427,17,Fresenius Kidney Care Espanola,"1420 C. de la Merced, Española, NM 87532, United States",ChIJqdIg7Z08GIcRD-pIJ7-lHjc,36.0102302,-106.0930878,manual
322514,322514 TAOS DIALYSIS (DCI),1335 MAESTAS RD,NA,TAOS,NM,87571,Taos,(575) 751-4010,24,"Dialysis Clinic, Inc.","1335 Maestas Rd, Taos, NM 87571, United States",ChIJuWiEK7xkF4cRDXZ17ktJhKE,36.3679882,-105.5748283,verified
322515,DaVita Shiprock Dialysis Center,US HIGHWAY 491 N,NA,SHIPROCK,NM,87420,San Juan,(505) 368-4125,20,DaVita Shiprock Dialysis Center,"US-491, Shiprock, NM 87420, United States",ChIJXXfI5oSuO4cRoH8R0Lf6eWg,36.793088,-108.6893439,verified
322516,322516 DEMING DIALYSIS (FMC),814 W ADOBE DR,NA,DEMING,NM,88030,Luna,(575) 546-1101,17,Fresenius Kidney Care Deming,"814 W Adobe Dr, Deming, NM 88030, United States",ChIJPTg7IwHE3oYR_DzvNiQcyh4,32.2554155,-107.767951,verified
322518,322518 LAS VEGAS NM DIALYSIS (FMC),246 MILLS AVE,NA,LAS VEGAS,NM,87701,San Miguel,(505) 454-7012,9,Fresenius Kidney Care Las Vegas,"246 Mills Ave, Las Vegas, NM 87701, United States",ChIJjccYvZJ3GYcRNMCbiTFju6s,35.5997868,-105.2336054,verified
322519,322519 SOUTHEASTERN NM KIDNEY CENTER (FMC),2801 N MAIN SUITE H,NA,ROSWELL,NM,88201,Chaves,(575) 625-9165,24,Fresenius Kidney Care Southeastern New Mexico Kidney Center,"2801 N Main St STE H, Roswell, NM 88201, United States",ChIJzdihTFRu4oYRsenrQN7vxzw,33.4290856,-104.5228123,verified
322520,322520 RIO RANCHO DIALYSIS (DCI),4045 JACKIE RD SE,NA,RIO RANCHO,NM,87124,Sandoval,(505) 896-8861,24,"Dialysis Clinic, Inc.","4045 Jackie Rd SE, Rio Rancho, NM 87124, United States",ChIJIfCrvvJxIocRyfahf4zIEy4,35.2373857,-106.6538245,verified
322521,322521 HOBBS DIALYSIS (FMC),2827 N DAL PASO STE 105,NA,HOBBS,NM,88240,Lea,(575) 392-1014,20,Fresenius Kidney Care Hobbs,"2827 N Dal Paso St Ste 105, Hobbs, NM 88240, United States",ChIJ5fUjCtiU_IYRSxmh0fFzx5M,32.7313869,-103.1281742,manual
322522,322522 CARLSBAD DIALYSIS (DCI),2319 OSBORNE RD,NA,CARLSBAD,NM,88220,Eddy,(575) 885-6998,22,"Dialysis Clinic, Inc.","2319 Osborne Rd, Carlsbad, NM 88220, United States",ChIJRzUVxiZ444YRY8ci-9TFuiw,32.4382724,-104.2564367,verified
322523,322523 NORTH ALBUQUERQUE DIALYSIS CENTER (FMC),5200 San Mateo Blvd NE,NA,Albuquerque,NM,87109,Bernalillo,(505) 883-7599,24,Fresenius Kidney Care North Albuquerque,"5200 San Mateo Blvd NE, Albuquerque, NM 87109, United States",ChIJR12JEuZ0IocRiiGBldscLgY,35.1400959,-106.585645,verified
322524,322524 ACL DIALYSIS (DCI),I-40 EXIT 102,NA,SAN FIDEL,NM,87049,Cibola,(505) 552-7292,24,Dialysis Clinic Inc,"501 Sunrise Ct, Acoma Pueblo, NM 87034, United States",ChIJS6UWLYG-I4cRmtIlwG_dHHg,35.0403044,-107.6179512,manual
322526,322526 RATON DIALYSIS (DCI),900 S SIXTH ST,NA,RATON,NM,87740,Colfax,(575) 445-4300,9,"Dialysis Clinic, Inc.","900 S 6th St, Raton, NM 87740, United States",ChIJ3w8o00DwEIcRIbkIhqZB6p4,36.8946714,-104.4476106,verified
322527,DaVita Las Cruces Renal at Home,3961 E LOHMAN AVE STE 29,NA,LAS CRUCES,NM,88011,Dona Ana,(575) 532-9437,20,DaVita Las Cruces Renal At Home,"3961 E Lohman Ave Ste 29, Las Cruces, NM 88011, United States",ChIJC1rW60893oYRz6cXU75KaNo,32.3202701,-106.7341527,manual
322528,322528 LAS CRUCES SOUTH DIALYSIS (FMC),2525 S TELSHOR BLVD STE B,NA,LAS CRUCES,NM,88011,Dona Ana,(575) 532-6066,16,Fresenius Kidney Care Las Cruces South,"2525 S Telshor Blvd STE B, Las Cruces, NM 88011, United States",ChIJYUVOHvIX3oYRRbh6BSrxn6w,32.2916998,-106.7336533,verified
322529,322529 CARLSBAD DIALYSIS (FMC),902 A WEST PIERCE,NA,CARLSBAD,NM,88220,Eddy,(575) 234-1327,12,Fresenius Kidney Care Carlsbad,"902 W Pierce St, Carlsbad, NM 88220, United States",ChIJpwvyD9N544YRIcsmBggwDwg,32.4365014,-104.2368236,verified
322530,322530 ALBUQUERQUE EAST (DCI),905 LOUISIANA BLVD NE,NA,ALBUQUERQUE,NM,87110,Bernalillo,(505) 254-1800,24,"Dialysis Clinic, Inc.","905 Louisiana Blvd NE, Albuquerque, NM 87110, United States",ChIJ_afli4cLIocRlOoNNkXstfA,35.0886635,-106.5691515,verified
322531,322531 Central Albuquerque DIALYSIS CENTER (FMC),5031 Indian School Rd NE,NA,Albuquerque,NM,87110,Bernalillo,(505) 255-0111,25,FRESENIUS KIDNEY CARE CENTRAL ALBUQUERQUE HOME,"5031 Indian School Rd NE, Albuquerque, NM 87110, United States",ChIJz4bjTK0LIocRUvYjvnuLRe0,35.10279999999999,-106.5887515,verified
322533,322533 NORTH RIO RANCHO DIALYSIS (FMC),7555 ENCHANTED HILLS BLVD STE 102,NA,RIO RANCHO,NM,87144,Sandoval,(505) 771-0316,29,Fresenius Kidney Care North Rio Rancho,"7555 Enchanted Hills Blvd NE Ste 102, Rio Rancho, NM 87144, United States",ChIJ5-dSHv54IocRbiAKSaihDek,35.327729,-106.5805977,manual
322534,USRC GALLUP DIALYSIS,725 HOSPITAL DR,NA,GALLUP,NM,87301,McKinley,(505) 863-3465,37,U.S. Renal Care,"725 Hospital Dr, Gallup, NM 87301, United States",ChIJY2oFCWPeJIcR8lWXc7dNV8Q,35.507824,-108.7257388,verified
322535,USRC ZUNI DIALYSIS,20 D Avenue,NA,ZUNI,NM,87327,McKinley,(505) 782-5663,31,Red Rock Dialysis-Zuni,"20 D Ave, Zuni, NM 87327, United States",ChIJscpUFixVJIcR4gfWMZ-VWYQ,35.0877049,-108.7917062,manual
322536,USRC CROWNPOINT DIALYSIS,STATE HWY 371 ROUTE 9,CROWNPOINT SHOPPING CENTER,CROWNPOINT,NM,87313,McKinley,(505) 786-5280,10,U.S. Renal Care,"NTUA Crownpoint District Office, Hwy 371, Crownpoint Shopping Ctr., W Navajo 9, Crownpoint, NM 87313, United States",ChIJ60uDydelJIcRQQO4Wtu4Ack,35.6975263,-108.1418989,manual
322537,DaVita Artesia Dialysis,1903 W. Main Street,NA,Artesia,NM,88210,Eddy,(575) 746-8818,12,DaVita Artesia Dialysis,"1903 W Main St, Artesia, NM 88210, United States",ChIJHX5HZ5Ku44YR0EkrNTjQtQM,32.8415031,-104.4200744,manual
322538,322538 SANTA FE HOME (FMC),"2100 CALLE DE LA VUELTA, Suite A101",NA,SANTA FE,NM,87505,Santa Fe,(505) 982-8659,5,FRESENIUS KIDNEY CARE SANTA FE HOME II,"2100 Calle De La Vuelta UNIT A101, Santa Fe, NM 87505, United States",ChIJbR2eKo9QGIcR5dvv7O8t5_4,35.6608851,-105.9551313,manual
322540,USRC GALLUP HOME,1801 RED ROCKS DR,NA,GALLUP,NM,87301,McKinley,(505) 863-3472,3,U.S. Renal Care,"1801 Redrock Dr, Gallup, NM 87301, United States",ChIJb1-_IgXfJIcRdcwSQfsPSVU,35.5082075,-108.7270051,verified
322541,322541 ALBUQUERQUE SOUTH (DCI),1725 isleta blvd SW,NA,ALBUQUERQUE,NM,87105,Bernalillo,(505) 877-3181,24,"Dialysis Clinic, Inc.","1725 Isleta Blvd SW, Albuquerque, NM 87105, United States",ChIJh64j_aoNIocRXj_r1pCyDMw,35.0511264,-106.6783406,manual
322542,322542 Fresenius Kidney Care HOME DIALYSIS OF NEW MEXICO,700 Lomas Blvd NE,Three Woodward Center,ALBUQUERQUE,NM,87102,Bernalillo,(505) 842-5210,3,FRESENIUS KIDNEY CARE HOME DIALYSIS - N.M.,"Three Woodward Center, 700 Lomas Blvd NE, Albuquerque, NM 87102, United States",ChIJKZeAw6UMIocRS0ooPYkfEGg,35.0896043,-106.6381206,verified
322543,322543 CUBA DIALYSIS (DCI),14 EAST CORDOVA AVE,NA,CUBA,NM,87103,Bernalillo,(575) 289-0090,16,"Dialysis Clinic, Inc.","14 E Cordova Ave, Cuba, NM 87013, United States",ChIJmWNVvbXLIocRjJMedCvcsvQ,36.0128966,-106.9629901,verified
322545,322545 JICARILLA APACHE NATION DIALYSIS TREATMENT CENTER,450 N MUNDO DR,NA,DULCE,NM,87528,Rio Arriba,(575) 759-0039,12,Jicarilla Apache Nation Dialysis Unit,"450 N Mundo Dr, Dulce, NM 87528, United States",ChIJ9ddkmKqjPYcRQEOo72StuSA,36.9145438,-106.9673985,verified
322546,322546 - LIBERTY ALBUQUERQUE DIALYSIS (FMC),3810 COMMONS AVE NE,NA,ALBUQUERQUE,NM,87109,Bernalillo,(505) 345-1224,19,Liberty Dialysis Liberty Albuquerque,"3810 Commons Ave NE, Albuquerque, NM 87109, United States",ChIJBVl6c_N0IocR3WdmQqSnqNk,35.14326459999999,-106.6028807,verified
322547,322547-KIDNEY CARE CENTER-HOBBS,3921 N. Calle Grande,NA,HOBBS,NM,88240,Lea,(575) 738-0400,17,Kidney Care Center - Hobbs,"3921 N Calle Grande, Hobbs, NM 88240, United States",ChIJJ97PY7Pq_IYRMDovjMr4Cmc,32.743046,-103.1579972,verified
322548,322548 - LIBERTY RIO RANCHO (FMC),5751 MCMAHON BLVD NW,NA,ALBUQUERQUE,NM,87114,Bernalillo,(505) 899-1019,19,Liberty Dialysis Liberty Rio Rancho,"5751 McMahon Blvd NW, Albuquerque, NM 87114, United States",ChIJ8yq9OaFxIocRXsjcb0gGuaI,35.2140985,-106.6999838,verified
322549,DaVita Del Norte Dialysis,5201 SAN MATEO BLVD NE,NA,ALBUQUERQUE,NM,87109,Bernalillo,(505) 884-4820,17,DaVita Del Norte Dialysis,"5201 San Mateo Blvd NE, Albuquerque, NM 87109, United States",ChIJrbjBiR11IocRta9CAEvwBbA,35.139988,-106.5871067,verified
322550,USRC CLOVIS DIALYSIS,4024 N PRINCE STREET,SUITE H,CLOVIS,NM,88101,Curry,(575) 762-2281,13,U.S. Renal Care,"4024 N Prince St Ste. H, Clovis, NM 88101, United States",ChIJdWyKvUfeAocRa8rUNnmus_E,34.439278,-103.1984617,verified
322551,322551-FMC- ALBUQUERQUE WESTSIDE,300 UNSER BLVD NW,NA,ALBUQUERQUE,NM,87121,Bernalillo,(505) 839-5282,21,FRESENIUS KIDNEY CARE ALBUQUERQUE WESTSIDE,"300 Unser Blvd NW, Albuquerque, NM 87121, United States",ChIJH7qD_FcNIocRQZ0HGA3BT4E,35.0800431,-106.723222,verified
322552,322552-FMC SANDHILL,1300 Enterprise Rd,NA,SOCORRO,NM,87801,Socorro,(505) 835-2045,8,Socorro Community Health Center,"1300 Enterprise Rd, Socorro, NM 87801, United States",ChIJnb1S-JTKIYcR6G-wFMfmijA,34.0341774,-106.9162079,verified
322553,322553-FRESENIUS KIDNEY CARE-CLOVIS HIGH PLAINS,121 TOWNSGATE PLAZA,NA,CLOVIS,NM,88101,Curry,(575) 763-2216,15,FRESENIUS KIDNEY CARE CLOVIS HIGHPLAINS,"121 Townsgate Plaza, Clovis, NM 88101, United States",ChIJs6jpy0LeAocRbC5MobSG3t0,34.4307255,-103.2083738,verified
322554,USRC SOLID ROCK DIALYSIS,1580 Highway 264,Suite A,GALLUP,NM,87301,McKinley,(505) 371-5581,25,Solid Rock Dialysis,"1580 NM-264 ste a, Gallup, NM 87301",ChIJ-7J685wxJYcR3T4gje9sEvs,35.658670176588586,-109.04031321553796,manual
322556,DaVita Sandia Peak Dialysis,10410 Copper Pointe Way NE,NA,ALBUQUERQUE,NM,87123,Bernalillo,(505) 299-0657,12,DaVita Sandia Peak Dialysis,"10410 Copper Ave, Albuquerque, NM 87123, United States",ChIJDWx6OHygGIcRy5eciw1r5p0,35.08044599999999,-106.527649,manual
322557,"322557-HOME DIALYSIS OF SANTA FE,LLC",2904 Rodeo Park Drive East,300 A,SANTA FE,NM,87505,Santa Fe,(505) 467-8199,8,Home Dialysis of Santa Fe LLC,"2904 Rodeo Park Dr E, Santa Fe, NM 87505, United States",ChIJd5AfXWFRGIcRX_jor_P2kkc,35.6380236,-105.9597703,manual
322558,322558-Albuquerque Southwest Mesa,8121 Central Ave NW,NA,ALBUQUERQUE,NM,87121,Bernalillo,(505) 836-1061,20,"Dialysis Clinic, Inc.","8121 Central Ave NW, Albuquerque, NM 87121, United States",ChIJB-pSZZkTIocRx0lssLuTpYQ,35.0791361,-106.7264585,verified
322559,USRC Las Cruces,250 E Amador Avenue,Suite B,Las Cruces,NM,88001,Dona Ana,(575) 223-0783,13,U.S. Renal Care,"250 E Amador Ave suite b, Las Cruces, NM 88001, United States",ChIJpTi7heQ93oYRu_XXNWO0s_w,32.307167,-106.7760543,manual
322560,322560-Fresenius Kidney Care Turquoise Trail,5221 Las Soleras Drive,NA,Santa Fe,NM,87507,Santa Fe,(505) 474-1458,12,FRESENIUS KIDNEY CARE TURQUOISE TRAIL,"5221 Las Soleras Dr, Santa Fe, NM 87507, United States",ChIJPbcPVrBbGIcRQy0vD_fXTU8,35.6204292,-106.0259133,manual
322561,DaVita San Juan Dialysis,4525 Rowe Ave,NA,Farmington,NM,87402,San Juan,(505) 326-6278,19,DaVita San Juan Dialysis,"4525 Rowe Ave, Farmington, NM 87402, United States",ChIJ5YAS60eJO4cRkPHOfYgjzQY,36.7698066,-108.1404782,verified
322564,FKC Farmington,2050 Knudsen Avenue,NA,Farmington,NM,87401,San Juan,(505) 516-0670,12,"Fresenius Kidney Care Farmington, NM","2050 Knudsen Ave STE C, Farmington, NM 87401, United States",ChIJ003Ki5mPO4cRb7e0wy3n0Vw,36.7491931,-108.1884879,manual
322565,Taos Home Dialysis,1415 Weimer Rd,NA,Taos,NM,87571,Taos,(575) 999-6100,6,Taos Home Dialysis,"1415 Weimer Rd, Taos, NM 87571, United States",ChIJzbJY2TplF4cRbeh_hD6y938,36.366789,-105.5759597,verified
322566,USRC Lenox Avenue Dialysis,1020 Lenox Ave,NA,Las Cruces,NM,88005,Dona Ana,(505) 510-7231,14,U.S. Renal Care,"1020 Lenox Ave, Las Cruces, NM 88005, United States",ChIJMXFmWLg93oYRaLYIsBhrVvE,32.3415777,-106.7769487,verified
462307,462307 LOGAN REGIONAL HOSPITAL DIALYSIS CENTER,1400 N 550 E,Suite K,LOGAN,UT,84341,Cache,(435) 716-2917,16,Logan Regional Hospital Dialysis Center,"550 E 1400 N Ste K, Logan, UT 84341, United States",ChIJheWgfc99VIcR34Yw_Yq5lPA,41.756635,-111.820481,manual
462308,462308 TOOELE VALLEY DIALYSIS CENTER,196 E 2000 N STE 112,NA,TOOELE,UT,84074,Tooele,(801) 408-1430,7,Intermountain Tooele Valley Dialysis,"2356 N 400 E B102, Tooele, UT 84074, United States",ChIJ766P9y-8UocR-k5RIO7pseM,40.5716849,-112.2926117,manual
462311,462311 HEBER VALLEY DIALYSIS,380 EAST 1500 SOUTH,NA,HEBER CITY,UT,84032,Wasatch,(435) 657-4680,5,Heber Valley Dialysis Center,"380 E 1500 S #101, Heber City, UT 84032, United States",ChIJj2CKxpj1TYcRVe21BqEBOl8,40.4886908,-111.4069546,verified
462319,462319 BLUE MOUNTAIN HOSPITAL DIALYSIS,802 S 200 W,NA,BLANDING,UT,84511,San Juan,(435) 678-4624,8,Blue Mountain Hospital,"802 S 200 W, Blanding, UT 84511, United States",ChIJmcDCzQzUOYcRQeQ3IP484rc,37.612792,-109.48261720000001,verified
462320,462320 PRIMARY CHILDREN'S DIALYSIS CENTER,81 NORTH MARIO CAPECCHI DR,NA,SALT LAKE CITY,UT,84113,Salt Lake,(801) 662-7600,6,Intermountain Health Primary Children's Hospital,"100 Mario Capecchi Dr, Salt Lake City, UT 84113, United States",ChIJHbbG15ZfUocRdLxglPAItK8,40.7711317,-111.8387864,manual
462500,DaVita Farmington Bay Dialysis Center,942 S MAIN ST,NA,LAYTON,UT,84041,Davis,(385) 557-7075,16,DaVita Farmington Bay Dialysis,"942 S Main St, Layton, UT 84041, United States",ChIJa6JEuh8CU4cRsb38eNPFjn8,41.0457204,-111.9535614,verified
462503,DaVita Kolff Dialysis,423 Wakara Way,Suite 200,SALT LAKE CITY,UT,84108,Salt Lake,(385) 433-3146,16,DaVita Kolff Dialysis,"423 S Wakara Wy Ste 200, Salt Lake City, UT 84108, United States",ChIJ7-0Jm8NfUocRJr8ddvISDcU,40.7586548,-111.8276541,manual
462504,"462504 SRS-Provo, LLC",1675 N FREEDOM BLVD STE 15,NA,PROVO,UT,84604,Utah,(855) 759-7365,14,Provo Dialysis Center,"1675 Freedom Blvd 200 W Ste 15, Provo, UT 84604, United States",ChIJ913dWJ6QTYcRxrdiUEwoaM4,40.2575096,-111.6622064,manual
462510,DaVita Castleview Dialysis,230 N HOSPITAL DR STE 1,NA,PRICE,UT,84501,Carbon,(435) 637-8696,12,DaVita Castleview Dialysis Center,"230 Hospital Dr, Price, UT 84501, United States",ChIJV8xRsPS7TocRQ7IOtP9D0SU,39.60360439999999,-110.8314624,manual
462511,DaVita Dixie Dialysis Center,720 S RIVER RD STE D1100,NA,SAINT GEORGE,UT,84790,Washington,(435) 523-4375,20,DaVita Dixie Dialysis,"720 S River Rd Ste D1100, St. George, UT 84790, United States",ChIJj891ANtayoARdFVs7gVZPX4,37.0954371,-113.5576443,verified
462518,DaVita Sandy Dialysis,8750 S SANDY PKWY,NA,SANDY,UT,84070,Salt Lake,(385) 346-3024,17,DaVita Sandy Dialysis,"8750 Sandy Pkwy, Sandy, UT 84070, United States",ChIJCzog1mGIUocRdjj6KOFESj0,40.5930526,-111.9058583,verified
462519,DaVita Bonneville Dialysis Center,5575 S 500 E,NA,OGDEN,UT,84405,Weber,(385) 364-3656,33,DaVita Bonneville Dialysis Center,"5575 Adams Ave Pkwy, Ogden, UT 84405, United States",ChIJFwsmkOkFU4cROPOsUOF6upk,41.1624384,-111.9691164,manual
462521,DaVita Bountiful Dialysis,532 S 500 W,NA,BOUNTIFUL,UT,84010,Davis,(385) 300-2657,12,DaVita Bountiful Dialysis Center,"532 S 500 W, Bountiful, UT 84010, United States",ChIJMyQPrIj3UocR2OZCzuQ_d40,40.8833721,-111.8930053,verified
462525,DaVita Utah Valley  Dialysis Center,1055 N 500 W STE 221,NA,PROVO,UT,84604,Utah,(801) 373-5400,24,DaVita Utah Valley At Home,"1055 N 500 W #221, Provo, UT 84604, United States",ChIJl3bGFwqaTYcRAbvnhkSMlFU,40.2485618,-111.6684015,verified
462528,DaVita Iron Mission Dialysis,1277 N NORTHFIELD RD STE A100,NA,CEDAR CITY,UT,84721,Iron,(435) 867-8175,12,DaVita Iron Mission Dialysis Center,"1277 Northfield Rd # A100, Cedar City, UT 84721, United States",ChIJkUCNEj5htYARrTCbDfsXikI,37.6998944,-113.0686817,manual
462529,462529 OQUIRRH ARTIFICIAL KIDNEY CENTER,5320 South 2700 West,NA,TAYLORSVILLE,UT,84129,Salt Lake,(801) 417-9900,24,Liberty Dialysis Oquirrh,"5320 S 2700 W, Taylorsville, UT 84129, United States",ChIJv6TlAKyNUocRg4QdqlsMWgg,40.6544025,-111.958549,manual
462530,462530 FRESENIUS KIDNEY CARE WASATCH,"3702 South State Street, Suite 101",NA,SALT LAKE CITY,UT,84115,Salt Lake,(801) 904-4407,24,Liberty Dialysis Wasatch,"3702 S State St STE 101, South Salt Lake, UT 84115, United States",ChIJCxu7Kj-KUocRL-WX70B623I,40.690683,-111.8901724,manual
462532,462532 SOUTH MOUNTAIN DIALYSIS,10969 S RIVERFRONT PKWY STE 100,NA,SOUTH JORDAN,UT,84095,Salt Lake,(801) 253-9696,16,Liberty Dialysis South Mountain,"10969 S River Front Pkwy, South Jordan, UT 84095, United States",ChIJgftme0iGUocRHSgjIEz8YFQ,40.5524176,-111.915772,manual
462533,DaVita West Valley Dialysis Clinic,3854 W 5400 S,NA,TAYLORSVILLE,UT,84129,Salt Lake,(385) 346-3823,25,DaVita West Valley Dialysis Center,"3854 W 5400 S, Taylorsville, UT 84129, United States",ChIJ92uEOTmMUocRL0r5kVBDSck,40.6540463,-111.983078,verified
462534,462534 SRS- AMERICAN FORK DIALYSIS CENTER,1159 East 200 North STE 150,NA,American Fork,UT,84003,Utah,(888) 893-7783,8,Sanderling American Fork Dialysis,"1159 E 200 N Dr, American Fork, UT 84003, United States",ChIJ2UqjgW6BTYcRbg_EB_Y2tbc,40.3816285,-111.7683132,manual
462535,DaVita Lone Peak Dialysis,1175 E 50 S STE 111,NA,AMERICAN FORK,UT,84003,Utah,(801) 763-1304,12,DaVita Lone Peak Dialysis,"1175 E 50 S Ste 111, American Fork, UT 84003, United States",ChIJ2wpPK2SBTYcRGR1TUAtPoLo,40.376311,-111.767335,manual
462536,DaVita Hurricane Dialysis,48 S 2500 W STE 100,NA,HURRICANE,UT,84737,Washington,(435) 635-0399,12,DaVita Hurricane Dialysis,"48 S 2500 W #100, Hurricane, UT 84737, United States",ChIJAQu794n2yoARjPORMb3vWX4,37.1756698,-113.3340832,verified
462537,462537 LIBERTY DIALYSIS - LAYTON (FMC),2132 N 1700 W STE 120,NA,LAYTON,UT,84041,Davis,(801) 779-6100,12,Liberty Dialysis Davis County,"2132 N 1700 W Ste 120, Layton, UT 84041, United States",ChIJZVMLrYMDU4cRrUG2XuCklDk,41.091228,-111.9967956,manual
462538,462538 LIBERTY DIALYSIS - WOODSCROSS (FMC),572 W 750 S,NA,BOUNTIFUL,UT,84010,Davis,(801) 292-2658,12,Liberty Dialysis Woodscross,"572 W 750 S BLDG B, Bountiful, UT 84010, United States",ChIJMXbU6IX3UocRKdQlTIi_u8s,40.8822454,-111.8949126,verified
462539,"SRS- Weber Valley, LLC",1920 W 250 N,NA,OGDEN,UT,84404,Weber,(801) 731-4178,13,1920 W 250 N St,"1920 W 250 N St, Marriott-Slaterville, UT 84404, USA",ChIJpUPH2uoNU4cRqLoMU5KhSMI,41.2646775,-112.0265849,verified
462540,462540 LIBERTY DIALYSIS - OGDEN (FMC),4780 OLD POST RD,NA,OGDEN,UT,84403,Weber,(801) 394-1230,16,Liberty Dialysis Weber County,"4780 Old Post Rd, Ogden, UT 84403, United States",ChIJvQa-bAYGU4cRkWLoIGiAf-Q,41.1763917,-111.9472493,verified
462541,DaVita Pleasant View Dialysis,2715 N HIGHWAY 89,NA,OGDEN,UT,84414,Weber,(385) 206-2812,20,DaVita Pleasant View Dialysis,"2715 N Hwy 89 Hwy, Pleasant View, UT 84404, United States",ChIJvT_KKkcMU4cRYon94qDK0aI,41.3085975,-112.0071451,verified
462542,462542 LIBERTY DIALYSIS - ST GEORGE (FMC),624 S 1000 E STE 101,NA,SAINT GEORGE,UT,84790,Washington,(435) 656-4596,19,Liberty Dialysis St. George,"624 S 1000 E Ste 101, St. George, UT 84790, United States",ChIJDYWuVe1EyoARNBITV_lYKW0,37.0974447,-113.5627936,manual
462543,"462543 SRS- PAYSON, LLC",15 S 1000 E STE 50,NA,PAYSON,UT,84651,Utah,(888) 883-6407,12,Sanderling Payson Dialysis,"15 S 1000 E #50th, Payson, UT 84651, United States",ChIJ1564pr2lTYcR3c49saHGRGc,40.04361,-111.7152306,verified
462544,DaVita Mark Lindsay Dialysis,1154 E COUNTRY HILLS DR,NA,OGDEN,UT,84405,Weber,(385) 206-2175,21,DaVita Mark Lindsay Dialysis,"1151 Country Hills Dr, Ogden, UT 84403, United States",ChIJCdfh16oIU4cRfYa0yTmN5Fs,41.1863717,-111.9513031,manual
462545,462545 LIBERTY DIALYSIS WEST JORDAN (FMC),3823 W 9000 S STE D,NA,WEST JORDAN,UT,84088,Salt Lake,(801) 280-4600,13,Liberty Dialysis West Jordan,"3823 W 9000 S Ste D, West Jordan, UT 84088, United States",ChIJXai2LBGPUocR3yRY3HhuAs8,40.5871037,-111.9821524,verified
462546,462546 FMC-RIVERTON LLC,12523 SOUTH CREEK MEADOW ROAD,SUITE 107,RIVERTON,UT,84065,Salt Lake,(801) 254-6990,13,FRESENIUS KIDNEY CARE RIVERTON,"12523 Creek Meadow Rd, Riverton, UT 84065, United States",ChIJyXUSv7SFUocR_frA8get8SE,40.5236846,-111.980102,verified
462547,462547 LIBERTY DIALYSIS SOUTH OGDEN HOME,475 EAST 40TH STREET,NA,OGDEN,UT,84403,Weber,(801) 627-2886,1,FRESENIUS KIDNEY CARE SOUTH OGDEN HOME,"475 40th St Ste 110, Ogden, UT 84403, United States",ChIJCSrhukQPU4cR4Ed-SqjG1Wk,41.1897903,-111.9693031,verified
462548,462548-FMC-CEDAR CITY,1320 North Main Street,NA,CEDAR CITY,UT,84721,Iron,(435) 867-8163,16,FRESENIUS KIDNEY CARE CEDAR CITY,"1320 N Main St Ste 105, Cedar City, UT 84721, United States",ChIJG0v1LA5htYARBSBHtiDnnos,37.7006013,-113.063256,manual
462549,462549-FRESENIUS KIDNEY CARE WEST SALT LAKE,4101 West Pioneer Parkway,Suite 101,WEST VALLEY CITY,UT,84120,Salt Lake,(801) 966-9978,13,Fresenius Kidney Care West Salt Lake,"4101 Pioneer Pkwy Ste 101, West Valley City, UT 84120, United States",ChIJjdJputyMUocRtiVSSny9RLY,40.698953,-111.9888557,manual
462550,462550-Fresenius Kidney Care-Pleasant View,1735 W 2700 N,NA,Farr West,UT,84404,Weber,(801) 737-9664,13,Fresenius Kidney Care Pleasant View,"1735 W 2700 N, Ogden, UT 84404, United States",ChIJaT2XVj4NU4cRL1QhXw8JT1A,41.3063297,-112.0195597,manual
462551,DaVita Mt. Nebo Dialysis,555 W SR 164,Suite 101,SALEM,UT,84653,Utah,(801) 798-7903,12,DaVita Mt Nebo Dialysis,"555 W State Rd 164 Ste 101, Salem, UT 84653, United States",ChIJR3Jqs1yjTYcRAtB4_oy_gs4,40.0843473,-111.6847973,manual
462552,462552-FRESENIUS KIDNEY CARE UTAH VALLEY,121 S Orem Blvd,NA,OREM,UT,84058,Utah,(801) 802-3852,13,FRESENIUS KIDNEY CARE UTAH VALLEY,"121 S Orem Blvd Ste 101, Orem, UT 84058, United States",ChIJ_Rr4wcWaTYcR5cEQKqGGo4U,40.2949299,-111.6959119,verified
462553,462553-Bridge Dialysis,1213 Flint Meadows Dr,Suite 1C,Kaysville,UT,84037,Davis,(385) 420-7500,14,Bridge Dialysis,"1213 Flint Meadow Dr Ste 1C, Kaysville, UT 84037, United States",ChIJq6pash4CU4cRRoYaTv2WuZ0,41.0445733,-111.9624029,manual
462554,DaVita Traverse Point Dialysis,1250 W Sandalwood Drive,NA,Lehi,UT,84043,Utah,(385) 374-1498,11,DaVita Traverse Point Dialysis,"1250 W Sandalwood Dr, Lehi, UT 84043, United States",ChIJh1LLxeZ_TYcRie_cD1Nq8W0,40.42105859999999,-111.8693542,manual
462555,DaVita Orem Dialysis,490 S State Street,NA,Orem,UT,84058,Utah,(385) 314-3554,11,DaVita Orem Dialysis,"490 S State St, Orem, UT 84058, United States",ChIJIygVv32bTYcRZW-i9JpReVY,40.2885901,-111.6918869,manual
462556,USRC Ogden Dialysis,4345 Harrison Blvd,Suite 100,Ogden,UT,84403,Weber,(385) 342-4310,12,U.S. Renal Care,"4345 Harrison Blvd Suite 100, Ogden, UT 84403, United States",ChIJCXQ_qPsHU4cRfqcD8-5vCe4,41.1839291,-111.9497726,verified
462557,BMH Kidney Care LLC,802 S 200 W,Ste B,Blanding,UT,84511,San Juan,(435) 678-5416,1,Blue Mountain Hospital,"802 S 200 W, Blanding, UT 84511, United States",ChIJmcDCzQzUOYcRQeQ3IP484rc,37.612792,-109.48261720000001,verified
462558,USRC Logan Dialysis,"480 NORTH 100 EAST, SUITE 100",NA,LOGAN,UT,84321,Cache,(435) 216-4248,16,U.S. Renal Care,"480 N 100 E Suite 100, Logan, UT 84321, United States",ChIJa-gBdNZ_VIcRAU8l7oqsUKA,41.740548,-111.831695,manual
462559,USRC Layton Crossing,756 N Main St,NA,Layton,UT,84041,Davis,(801) 683-0679,16,U.S. Renal Care,"756 N Main St, Layton, UT 84041, United States",ChIJn2GuNcADU4cRFZkR7xIJSxk,41.0721654,-111.9766678,verified
462560,Fresenius Kidney Care Magna Dialysis,8087 W 3500 S,NA,Magna,UT,84044,Salt Lake,(801) 907-4916,13,Fresenius Kidney Care Magna Dialysis,"8087 W 3500 S, Magna, UT 84044, United States",ChIJ5ZXVOzHtUocR8rMkQAVaZdk,40.6953757,-112.0848346,verified
462562,"FKC SUNSET, UT",2253 SANTA CLARA DR,NA,SANTA CLARA,UT,84765,Washington,(435) 703-7778,12,Fresenius Kidney Care Sunset,"2253 Santa Clara Dr, Santa Clara, UT 84765, United States",ChIJkxKgOQBFyoARni0h0yVyvnk,37.1257497,-113.6371299,verified
463501,463501 INTERMOUNTAIN MEDICAL CENTER DIALYSIS SERVICES,74 West Vine Street,NA,Murray,UT,84107,Salt Lake,(801) 507-9000,28,Intermountain Medical Center Dialysis Services,"74 W Vine St, Murray, UT 84107, United States",ChIJWx-Ydy-KUocRZHdVhTo7-H8,40.6630876,-111.8935957,manual
463502,463502 UTAH DIALYSIS LAB,5848 S Fashion Blvd,Building 1 Ste 50,Murray,UT,84107,Salt Lake,(801) 408-1400,19,Utah Dialysis Center,"5848 S Fashion Blvd #50, Murray, UT 84107, United States",ChIJh2ehUDv1UocRn02or6C1f-A,40.6442685,-111.8837805,verified
463504,463504 SEVIER VALLEY DIALYSIS,1100 NORTH MAIN,NA,RICHFIELD,UT,84701,Sevier,(435) 893-0358,13,Sevier Valley Dialysis Center,"81 E 900 N, Richfield, UT 84701, United States",ChIJFZBhyX4RS4cREayg-tAHois,38.781262,-112.0832669,manual
463505,463505 UINTAH BASIN MED CTR DIALYSIS - ROOSEVELT,205 W 300 N #75-2,NA,ROOSEVELT,UT,84066,Duchesne,(435) 725-2008,20,Uintah Basin Medical Center,"250 W 300 N, Roosevelt, UT 84066, United States",ChIJL9lSldeiT4cR3hfPH6wkB5k,40.3042896,-109.996877,manual
463506,463506 UINTAH BASIN MED CTR DIALYSIS- VERNAL,224 E 500 S STE A,NA,VERNAL,UT,84078,Uintah,(435) 781-2335,10,Uintah Basin Med Center Dialysis,"405 N 500 W, Vernal, UT 84078, United States",ChIJ0Uq7_0xiRYcR8HP1LfC-ApM,40.4615459,-109.539652,manual
